listing_id,model_year,vehicle_age_years,odometer_km,annual_mileage_km,engine_liters,horsepower,condition_score,service_history_score,prior_owners,accident_count,brand,body_style,fuel_type,transmission,region,seller_type,loan_approval_value_usd,sale_price_usd
CAR-P-01134,2014,11.455,192634.982,16558.247,2.925,286.109,6.118,6.571,4,1,Subaru,SUV,gasoline,manual,South,franchise_dealer,14763.485,14638.688
CAR-P-00085,2016,9.671,140201.341,14454.875,2.362,219.133,6.535,5.130,5,0,Kia,SUV,gasoline,manual,Midwest,franchise_dealer,11672.669,11423.817
CAR-P-01443,2020,5.015,85488.937,16809.788,0.700,133.277,7.628,6.316,2,0,Toyota,SUV,electric,automatic,South,franchise_dealer,31890.329,33205.798
CAR-P-01166,2023,2.661,35989.192,13788.673,1.962,355.052,7.375,,1,1,Tesla,sedan,diesel,manual,Midwest,private,41801.326,43980.692
CAR-P-00750,2024,1.206,24576.934,16247.843,1.370,161.853,8.213,6.572,1,1,Honda,sedan,gasoline,automatic,West,franchise_dealer,32723.796,34142.663
CAR-P-01607,2024,1.823,17995.949,9260.417,1.162,131.868,9.316,9.192,1,1,Hyundai,SUV,electric,automatic,West,franchise_dealer,34237.966,35041.807
CAR-P-00377,2021,4.124,41180.784,10031.837,,424.986,7.017,8.242,3,1,Tesla,sedan,diesel,automatic,South,independent_dealer,48641.860,50308.542
CAR-P-01261,2020,5.913,63978.880,11172.404,1.867,176.980,8.195,8.011,2,1,Hyundai,hatchback,electric,automatic,Northeast,franchise_dealer,25769.077,26385.244
CAR-P-01389,2012,13.910,305854.451,21945.248,,219.532,5.962,6.645,4,1,Ford,hatchback,gasoline,automatic,Midwest,independent_dealer,3046.769,1200.000
CAR-P-00246,2019,6.686,103965.052,15255.373,2.110,232.185,8.186,8.655,3,0,Honda,sedan,gasoline,automatic,Northeast,franchise_dealer,27559.956,28182.307
CAR-P-01490,2016,9.646,132945.598,13585.054,2.351,243.967,5.000,5.296,5,0,Kia,hatchback,gasoline,CVT,West,independent_dealer,16757.494,16508.577
CAR-P-00036,2021,4.707,44371.404,9276.635,1.741,206.765,,9.401,1,0,Kia,SUV,gasoline,manual,Midwest,private,,28083.634
CAR-P-00041,2019,6.548,77625.792,10877.160,1.975,187.705,6.997,6.839,2,0,Toyota,SUV,gasoline,automatic,South,franchise_dealer,23804.041,24828.556
CAR-P-00839,2023,2.360,49341.241,21257.653,2.212,216.061,7.681,,1,0,Kia,pickup,gasoline,automatic,South,independent_dealer,34429.109,35139.359
CAR-P-01152,2022,3.977,68510.138,16502.665,2.296,207.597,8.881,9.440,2,0,Kia,sedan,gasoline,manual,Northeast,franchise_dealer,27906.673,28583.636
CAR-P-01615,2020,5.935,96511.685,16458.216,2.101,225.999,7.733,7.882,3,0,Honda,sedan,gasoline,automatic,West,private,25517.996,26820.256
CAR-P-00548,2020,5.826,79322.046,12479.838,1.484,165.724,7.194,7.317,2,0,Honda,hatchback,gasoline,,Midwest,private,,17171.635
CAR-P-01100,2015,10.187,93676.465,9421.705,2.131,222.066,7.557,,3,0,Subaru,sedan,diesel,manual,South,franchise_dealer,,18583.868
CAR-P-01545,2017,8.824,146939.400,17238.000,2.000,217.870,6.033,6.188,3,0,Subaru,pickup,diesel,CVT,Midwest,private,19360.276,20148.421
CAR-P-00882,2018,7.084,166823.318,24006.150,1.978,326.220,7.445,8.372,2,1,Tesla,pickup,gasoline,automatic,West,independent_dealer,42375.758,44482.776
CAR-P-01377,2020,5.329,45103.020,9126.833,,170.794,9.103,10.000,3,0,Honda,sedan,gasoline,CVT,Midwest,independent_dealer,26389.099,27162.244
CAR-P-00121,2024,1.357,21548.829,16500.537,,388.146,10.000,10.000,2,0,Tesla,hatchback,hybrid,manual,West,private,56633.713,59811.288
CAR-P-00025,2023,2.414,44540.778,20858.240,2.699,268.633,8.269,9.123,3,0,Toyota,SUV,hybrid,automatic,Midwest,private,39737.482,41761.356
CAR-P-00426,2022,3.531,31614.377,10012.477,2.700,266.524,7.419,8.907,1,1,Hyundai,SUV,gasoline,automatic,Midwest,independent_dealer,,32335.408
CAR-P-01618,2021,4.643,65144.288,12652.537,1.504,164.333,,7.887,3,0,Subaru,SUV,gasoline,automatic,Midwest,private,27318.501,28134.514
CAR-P-00244,2022,3.681,63734.389,18719.149,3.170,325.013,7.461,7.407,3,0,Ford,pickup,gasoline,automatic,Northeast,franchise_dealer,39185.862,40643.231
CAR-P-00805,2008,17.426,301549.178,17334.685,1.938,200.707,4.733,3.922,6,2,Honda,SUV,gasoline,automatic,Northeast,independent_dealer,,1200.000
CAR-P-01667,2021,4.000,55876.185,15643.427,1.388,299.162,8.296,,2,1,Tesla,sedan,hybrid,manual,Midwest,franchise_dealer,38468.754,39738.056
CAR-P-00332,2020,5.801,90226.403,15978.691,3.051,266.149,7.632,8.471,1,0,Ford,pickup,diesel,CVT,Midwest,private,21146.821,21294.622
CAR-P-00348,2013,12.197,122266.389,10246.496,2.064,218.726,6.795,,2,1,Honda,SUV,gasoline,automatic,Northeast,independent_dealer,14281.689,14799.037
CAR-P-00172,2025,0.678,17360.339,18130.111,2.687,294.119,8.474,7.303,3,0,Kia,SUV,gasoline,CVT,Northeast,franchise_dealer,39245.598,40387.029
CAR-P-00602,2019,6.578,113227.479,17759.785,2.020,184.380,7.059,7.366,2,1,Ford,SUV,gasoline,CVT,Midwest,independent_dealer,18373.769,18117.375
CAR-P-00151,2018,7.454,112622.610,14680.892,1.959,200.226,6.008,5.916,4,0,Hyundai,sedan,gasoline,automatic,Northeast,franchise_dealer,15412.852,15432.686
CAR-P-01367,2022,3.155,35782.428,12239.878,1.909,227.217,8.433,9.247,5,0,Toyota,sedan,hybrid,automatic,South,franchise_dealer,33291.223,34258.842
CAR-P-01585,2017,8.749,113881.768,12738.732,3.123,323.768,7.511,6.909,2,0,Mercedes,SUV,gasoline,automatic,Midwest,private,33815.768,34933.650
CAR-P-01791,2005,20.209,299989.152,14564.455,2.181,220.916,4.571,4.349,5,1,Honda,sedan,gasoline,automatic,Northeast,franchise_dealer,2215.662,1200.000
CAR-P-00678,2017,8.798,178480.474,20159.704,,337.290,7.134,7.115,8,0,Tesla,hatchback,,automatic,West,independent_dealer,32530.886,33738.414
CAR-P-00609,2022,3.646,57521.382,15585.857,2.198,213.357,,9.714,3,1,Ford,sedan,gasoline,automatic,Northeast,private,22463.755,23855.937
CAR-P-01292,2016,9.747,175322.579,17819.563,2.510,262.405,,6.959,2,0,Subaru,pickup,gasoline,automatic,Northeast,franchise_dealer,27008.891,27447.279
CAR-P-00654,2025,0.790,13414.707,12659.233,1.624,175.547,,,1,0,Toyota,coupe,gasoline,CVT,West,private,38549.139,41252.383
CAR-P-00272,2018,7.716,144279.803,18248.466,1.988,194.715,7.637,6.241,1,0,Toyota,sedan,diesel,automatic,West,franchise_dealer,24230.927,24829.563
CAR-P-01072,2024,1.012,4081.959,9078.585,2.042,238.415,7.486,7.836,1,0,Toyota,pickup,gasoline,automatic,Northeast,franchise_dealer,27170.218,28331.565
CAR-P-00756,2019,6.496,103941.145,16936.133,3.502,360.059,7.375,6.762,1,0,Toyota,SUV,gasoline,,Midwest,private,39026.509,40174.148
CAR-P-00509,2018,7.996,145853.844,17816.947,1.797,203.482,7.368,,2,0,Honda,SUV,diesel,automatic,West,independent_dealer,28346.198,29345.882
CAR-P-01666,2017,8.811,169379.180,19520.400,1.833,218.750,7.319,,4,0,Mercedes,hatchback,diesel,CVT,Midwest,private,20389.487,21081.016
CAR-P-01600,2020,5.098,52008.222,8808.757,2.255,259.273,,8.264,1,0,BMW,SUV,gasoline,automatic,Northeast,franchise_dealer,38563.602,41303.016
CAR-P-00576,2023,2.924,46331.963,16265.173,1.421,157.500,6.871,7.555,1,2,Hyundai,sedan,gasoline,automatic,West,franchise_dealer,23391.577,22756.319
CAR-P-01404,2018,7.516,73742.490,9418.490,2.313,203.833,,8.069,1,0,Toyota,sedan,hybrid,automatic,South,franchise_dealer,28462.033,28510.578
CAR-P-01469,2019,6.822,106070.837,15018.977,3.694,470.461,7.661,7.800,4,0,Tesla,pickup,gasoline,automatic,West,independent_dealer,49229.191,50977.715
CAR-P-01460,2024,1.361,21194.909,13724.351,,258.167,7.866,7.295,1,1,Honda,SUV,hybrid,manual,West,independent_dealer,29969.375,30991.529
CAR-P-01775,2024,1.414,5502.702,5970.545,2.584,274.293,8.745,,1,0,Toyota,hatchback,hybrid,CVT,Midwest,private,43401.244,44623.997
CAR-P-01082,2012,13.597,253355.565,18611.117,3.036,303.948,5.720,6.323,3,0,Honda,SUV,gasoline,automatic,Midwest,franchise_dealer,20167.725,19992.361
CAR-P-01752,2011,14.672,235901.914,16009.245,,382.439,5.899,7.269,4,1,Tesla,SUV,gasoline,manual,South,private,21811.898,22637.503
CAR-P-00463,2021,4.372,86746.647,20542.608,1.462,193.628,8.020,,1,0,Ford,hatchback,gasoline,CVT,Northeast,independent_dealer,27216.211,29387.559
CAR-P-01017,2020,5.621,45641.679,9217.660,2.851,265.388,7.201,5.872,2,0,Honda,sedan,diesel,manual,Midwest,independent_dealer,26028.344,26316.241
CAR-P-01063,2021,4.389,56141.943,12049.180,2.654,250.980,8.611,8.323,3,0,Ford,sedan,gasoline,CVT,Northeast,franchise_dealer,36178.921,37285.602
CAR-P-01155,2023,2.826,30046.235,12715.051,1.223,138.162,7.622,,1,0,Kia,hatchback,gasoline,automatic,West,franchise_dealer,25922.720,27605.227
CAR-P-00291,2018,7.319,100364.440,12947.758,,258.533,8.415,7.595,2,0,Subaru,SUV,gasoline,automatic,South,franchise_dealer,31641.130,32575.089
CAR-P-01749,2018,7.040,89937.511,14200.997,1.438,167.591,7.786,8.893,1,0,Ford,pickup,electric,manual,West,franchise_dealer,31231.117,31900.092
CAR-P-01231,2025,0.247,5200.281,23353.812,2.303,236.337,10.000,9.857,1,0,Kia,SUV,gasoline,automatic,West,franchise_dealer,45310.166,46809.822
CAR-P-01359,2017,8.406,159247.716,17989.905,1.795,159.017,7.297,6.893,2,0,Honda,sedan,gasoline,automatic,Midwest,franchise_dealer,16576.251,17105.627
CAR-P-00429,2015,10.195,126089.795,12109.601,2.698,258.972,6.995,,1,1,Honda,SUV,gasoline,automatic,South,private,20067.276,20758.904
CAR-P-00053,2022,3.530,91891.069,27425.897,0.700,78.450,8.214,9.721,1,0,Honda,sedan,electric,automatic,Northeast,franchise_dealer,30544.639,31357.842
CAR-P-00362,2021,4.034,45513.605,10727.240,2.634,246.388,7.873,6.861,3,0,Honda,pickup,gasoline,automatic,Northeast,franchise_dealer,36778.102,38859.381
CAR-P-00422,2013,12.857,144220.658,11017.422,3.360,311.716,6.584,,5,0,Hyundai,pickup,hybrid,automatic,Midwest,private,17633.825,18330.794
CAR-P-00294,2013,12.510,167865.281,13472.972,1.428,155.884,6.373,,3,0,Subaru,hatchback,hybrid,automatic,Midwest,independent_dealer,12484.768,11861.414
CAR-P-00616,2023,2.743,42372.176,16227.697,1.769,198.509,,10.000,1,0,Toyota,hatchback,gasoline,automatic,South,franchise_dealer,34674.065,36824.217
CAR-P-01264,2021,4.182,51971.176,11469.262,2.595,266.405,7.746,7.536,2,0,Hyundai,hatchback,gasoline,automatic,South,independent_dealer,,30135.296
CAR-P-00418,2012,13.187,265205.196,20228.871,1.659,327.157,6.881,6.380,4,0,Tesla,hatchback,gasoline,automatic,West,independent_dealer,26851.119,28228.252
CAR-P-00198,2018,7.062,94432.140,13399.547,1.220,155.257,7.573,8.629,4,1,Subaru,coupe,diesel,CVT,Northeast,franchise_dealer,24430.730,26046.100
CAR-P-00948,2017,8.982,126568.913,13910.200,1.836,195.161,7.974,9.457,4,0,Ford,hatchback,diesel,automatic,South,franchise_dealer,21279.280,21884.144
CAR-P-00339,2015,10.434,175341.228,16849.862,1.832,231.575,6.475,6.612,6,0,BMW,SUV,gasoline,CVT,West,franchise_dealer,20957.544,21292.564
CAR-P-01040,2009,16.840,270650.148,15932.822,1.728,204.436,5.508,4.399,3,0,Honda,hatchback,diesel,automatic,Midwest,franchise_dealer,4077.062,4135.478
CAR-P-01336,2021,4.531,67100.471,13829.503,2.860,264.387,8.446,6.575,2,0,Kia,SUV,gasoline,CVT,Midwest,franchise_dealer,33034.115,33745.526
CAR-P-01557,2022,3.991,56619.080,15329.923,3.537,369.180,9.207,,3,0,BMW,pickup,hybrid,automatic,Northeast,independent_dealer,,56898.383
CAR-P-00736,2021,4.969,85423.824,18217.103,2.079,215.612,6.330,7.127,3,1,Honda,SUV,gasoline,automatic,Midwest,independent_dealer,22464.189,23017.168
CAR-P-01263,2021,4.137,58856.395,14656.993,2.649,300.861,8.307,9.612,2,0,Mercedes,SUV,gasoline,CVT,South,franchise_dealer,42453.313,44521.222
CAR-P-00154,2019,6.441,119504.910,18848.530,1.973,165.086,7.757,4.984,8,0,Honda,sedan,gasoline,CVT,West,independent_dealer,19624.498,19866.831
CAR-P-00110,2021,4.541,85122.849,16823.602,2.431,297.126,7.526,,1,0,Toyota,pickup,gasoline,automatic,Northeast,private,37468.884,39108.547
CAR-P-00345,2019,6.299,108029.166,15633.335,1.674,301.966,8.431,9.497,2,0,Tesla,sedan,gasoline,automatic,West,private,40321.435,42504.105
CAR-P-01216,2022,3.180,64227.920,19336.224,1.962,220.665,7.887,5.456,2,0,Kia,SUV,gasoline,CVT,South,independent_dealer,27277.576,27618.468
CAR-P-00600,2018,7.325,106360.438,14722.322,2.159,241.763,7.451,6.482,2,0,Hyundai,sedan,gasoline,CVT,Northeast,franchise_dealer,26050.833,27115.337
CAR-P-01330,2021,4.652,55534.554,11990.823,2.115,268.842,8.180,10.000,3,0,BMW,SUV,gasoline,automatic,West,independent_dealer,40556.628,42619.777
CAR-P-01106,2012,13.555,314543.711,23343.134,2.007,220.079,,4.149,2,1,Toyota,sedan,gasoline,CVT,Midwest,independent_dealer,8217.001,8046.296
CAR-P-00660,2021,4.434,39386.997,9701.104,1.545,164.868,8.224,9.030,2,0,Subaru,hatchback,gasoline,automatic,Northeast,independent_dealer,26337.714,27816.076
CAR-P-01425,2017,8.993,131661.029,13938.678,2.852,268.706,7.906,9.964,4,0,Hyundai,SUV,hybrid,automatic,Midwest,franchise_dealer,26567.475,27147.352
CAR-P-01503,2022,3.943,65630.806,16381.365,1.543,191.695,7.172,7.352,1,0,Toyota,coupe,gasoline,CVT,Northeast,independent_dealer,30944.333,31653.085
CAR-P-00024,2016,9.097,148530.897,16509.208,1.793,185.373,8.513,10.000,3,0,Toyota,sedan,diesel,automatic,Northeast,franchise_dealer,24107.191,24850.469
CAR-P-01317,2019,6.957,45284.935,7134.742,2.236,227.427,7.362,8.052,4,1,Toyota,SUV,gasoline,automatic,South,independent_dealer,24609.393,25576.819
CAR-P-01567,2022,3.303,48876.078,15619.278,2.135,213.745,8.284,,2,0,Ford,hatchback,gasoline,automatic,Northeast,independent_dealer,30700.418,31219.767
CAR-P-01228,2017,8.411,145323.943,17534.706,1.373,174.413,6.222,7.489,3,0,Honda,hatchback,gasoline,manual,Midwest,independent_dealer,,17000.218
CAR-P-00929,2013,12.432,314344.167,24604.873,2.898,258.128,7.986,9.970,4,0,Hyundai,SUV,gasoline,automatic,Northeast,independent_dealer,16894.396,16396.173
CAR-P-01099,2020,5.982,63617.566,11533.354,1.387,186.654,7.883,,1,0,Honda,coupe,gasoline,manual,South,private,26212.535,27467.104
CAR-P-01183,2023,2.691,39793.232,15688.560,2.069,238.713,8.898,7.282,2,0,Hyundai,sedan,gasoline,automatic,South,independent_dealer,33458.537,35248.633
CAR-P-00878,2021,4.211,78017.116,18876.154,1.841,226.701,8.521,7.521,2,0,Hyundai,SUV,gasoline,automatic,West,independent_dealer,32624.059,33779.884
CAR-P-00745,2019,6.072,80456.960,13633.581,2.705,289.816,6.332,,3,0,Mercedes,SUV,gasoline,automatic,South,private,35244.252,36791.802
CAR-P-00094,2024,1.115,9668.067,6872.684,0.700,107.671,7.908,7.775,1,0,Ford,sedan,electric,CVT,Midwest,independent_dealer,27406.850,29008.793
CAR-P-01295,2021,4.616,113275.224,25105.110,2.917,274.445,8.289,9.236,2,0,Honda,sedan,gasoline,automatic,Midwest,franchise_dealer,36662.226,37804.852
CAR-P-01457,2022,3.470,59996.957,15668.536,2.639,260.427,7.604,6.661,2,1,Ford,pickup,gasoline,automatic,West,franchise_dealer,34422.979,35579.808
CAR-P-00937,2021,4.614,35669.474,9143.531,2.204,206.541,8.027,,5,0,Toyota,sedan,gasoline,automatic,South,private,31752.927,32221.779
CAR-P-00550,2017,8.912,103963.782,12036.388,1.888,185.618,6.729,6.296,1,0,Honda,sedan,gasoline,,South,independent_dealer,22003.001,22136.891
CAR-P-00122,2021,4.664,82575.984,16543.821,1.951,182.070,8.322,,2,0,Honda,hatchback,gasoline,automatic,South,franchise_dealer,28007.289,29522.500
CAR-P-01390,2023,2.466,37417.524,15347.053,2.782,272.828,8.655,8.157,1,0,Ford,SUV,hybrid,automatic,Midwest,franchise_dealer,40297.081,42190.090
CAR-P-01687,2017,8.381,110496.144,13228.197,2.775,290.987,8.630,7.879,5,0,Kia,pickup,hybrid,automatic,West,independent_dealer,33166.364,34617.830
CAR-P-00264,2015,10.507,171814.685,16660.238,2.078,191.383,6.688,,1,0,Ford,SUV,gasoline,automatic,South,independent_dealer,16274.878,17267.066
CAR-P-01233,2025,0.835,9615.005,18328.719,2.698,318.066,8.437,9.371,1,0,Mercedes,SUV,hybrid,CVT,West,independent_dealer,56647.471,59453.460
CAR-P-00817,2019,6.319,121024.380,17124.270,2.729,255.920,7.820,7.284,3,0,Hyundai,SUV,hybrid,CVT,West,private,31025.941,31772.130
CAR-P-01759,2022,3.672,35539.811,11131.919,3.017,286.644,6.965,8.690,2,2,Ford,sedan,gasoline,automatic,Midwest,independent_dealer,28134.165,28347.494
CAR-P-00285,2017,8.096,142513.712,17536.799,1.885,194.827,7.486,6.108,3,0,Honda,hatchback,gasoline,automatic,South,independent_dealer,4171.998,3966.271
CAR-P-01603,2019,6.200,146828.851,23172.918,2.246,250.121,8.208,7.722,2,1,Hyundai,pickup,electric,automatic,Midwest,franchise_dealer,31611.992,32902.990
CAR-P-00719,2023,2.519,24609.388,9366.911,3.164,346.708,7.520,8.309,2,0,BMW,SUV,gasoline,CVT,West,private,46688.270,48562.346
CAR-P-01039,2012,13.171,189995.160,13982.717,1.477,156.030,7.211,6.537,4,1,Hyundai,hatchback,gasoline,automatic,South,franchise_dealer,4708.282,5051.005
CAR-P-00251,2022,3.066,35135.917,11203.825,1.928,183.826,9.136,,2,0,Toyota,SUV,diesel,automatic,South,private,33202.273,34385.525
CAR-P-00675,2012,13.574,289974.829,20824.160,2.210,236.840,7.164,6.546,6,0,Honda,SUV,gasoline,automatic,West,independent_dealer,16291.093,16076.003
CAR-P-00230,2008,17.306,216938.628,12205.548,2.029,210.948,5.111,4.781,4,1,Toyota,sedan,gasoline,manual,West,independent_dealer,,1200.000
CAR-P-01467,2005,20.632,420000.000,21480.092,1.652,193.103,5.317,4.118,6,0,Toyota,hatchback,gasoline,automatic,Midwest,independent_dealer,2151.533,1200.000
CAR-P-00793,2017,8.161,72702.287,8361.827,2.563,282.783,7.063,7.055,2,0,Subaru,hatchback,hybrid,automatic,Northeast,franchise_dealer,32476.448,32791.166
CAR-P-01669,2022,3.341,38491.919,9390.255,,252.141,8.733,7.716,2,0,Subaru,sedan,,automatic,Midwest,private,,37445.473
CAR-P-01553,2024,1.403,22552.219,13660.166,2.047,191.341,9.310,9.931,2,0,Ford,pickup,gasoline,automatic,South,franchise_dealer,38260.721,40686.130
CAR-P-00482,2014,11.890,166480.552,13635.867,1.967,217.632,6.175,,5,1,Ford,sedan,diesel,automatic,West,franchise_dealer,8615.071,8295.470
CAR-P-00587,2022,3.401,15542.663,8204.606,2.499,250.611,7.765,8.146,3,0,Subaru,pickup,,automatic,Midwest,independent_dealer,35593.668,36830.837
CAR-P-00645,2023,2.484,29088.636,11644.369,2.804,280.467,,,2,0,Hyundai,SUV,gasoline,automatic,Midwest,franchise_dealer,35946.196,37525.254
CAR-P-01320,2016,9.728,188409.367,19346.224,1.702,294.529,,7.736,5,0,Tesla,SUV,electric,CVT,South,private,,35619.251
CAR-P-00541,2024,1.968,37804.200,15310.268,3.312,309.607,9.504,10.000,1,0,Hyundai,SUV,gasoline,CVT,South,franchise_dealer,42857.467,45003.268
CAR-P-01115,2015,10.979,59206.667,5373.735,1.526,294.363,7.743,7.711,2,0,Tesla,sedan,diesel,automatic,West,independent_dealer,,38494.395
CAR-P-00205,2021,4.680,56180.719,11695.752,2.405,234.396,8.080,9.886,1,0,Ford,sedan,hybrid,automatic,South,independent_dealer,,32997.521
CAR-P-01251,2023,2.635,53537.815,17668.192,2.896,272.667,8.056,9.447,2,0,Honda,pickup,gasoline,automatic,West,independent_dealer,41039.382,43493.472
CAR-P-00611,2024,1.929,29805.344,19334.374,2.076,213.914,8.833,8.654,3,0,Kia,hatchback,diesel,CVT,South,franchise_dealer,30636.137,31694.923
CAR-P-01303,2020,5.220,50351.219,10245.277,2.897,285.272,9.447,8.539,2,0,Honda,SUV,hybrid,automatic,West,independent_dealer,42741.874,44738.863
CAR-P-00910,2016,9.748,67682.806,7380.808,2.520,262.554,7.578,7.264,3,0,Ford,sedan,diesel,automatic,South,independent_dealer,22426.529,23786.874
CAR-P-01493,2024,1.736,31711.914,15708.013,2.517,283.835,9.904,10.000,1,0,Toyota,sedan,gasoline,automatic,Northeast,private,42891.780,45900.867
CAR-P-00461,2020,5.087,67666.435,14540.288,0.843,144.677,7.845,8.905,3,0,BMW,SUV,electric,,Midwest,franchise_dealer,35783.124,36704.461
CAR-P-00282,2015,10.009,175416.922,17474.742,1.592,168.143,8.563,8.968,3,0,Toyota,hatchback,gasoline,automatic,West,independent_dealer,16871.871,16923.124
CAR-P-01077,2023,2.880,63729.279,21843.220,2.283,233.902,7.634,,1,0,Subaru,SUV,gasoline,,South,independent_dealer,37072.274,37953.968
CAR-P-01492,2011,14.333,175337.807,12772.300,4.141,360.471,5.681,6.164,3,2,Toyota,pickup,diesel,automatic,West,independent_dealer,22432.455,22651.797
CAR-P-00175,2023,2.035,20803.007,13514.940,1.626,198.256,8.821,9.278,2,0,Subaru,sedan,diesel,automatic,West,franchise_dealer,33672.340,34987.430
CAR-P-00374,2015,10.746,222797.324,20089.147,2.230,249.945,6.461,5.880,6,0,Ford,sedan,gasoline,automatic,West,independent_dealer,,17325.805
CAR-P-01145,2019,6.782,120866.345,19013.688,1.909,191.326,8.046,6.894,2,0,Honda,sedan,gasoline,automatic,Midwest,private,21868.807,22338.023
CAR-P-00263,2023,2.870,40621.354,14430.881,0.700,95.318,7.990,8.016,2,0,Hyundai,sedan,electric,automatic,Midwest,independent_dealer,,31369.110
CAR-P-01290,2007,18.695,355594.104,18896.190,,123.804,3.421,1.960,3,2,Kia,sedan,gasoline,CVT,Northeast,private,2151.151,1200.000
CAR-P-01101,2021,4.739,85535.999,16709.546,0.988,132.210,7.588,,3,1,Ford,sedan,electric,automatic,Midwest,franchise_dealer,23656.801,24923.143
CAR-P-00239,2022,3.424,36460.260,12056.649,2.399,237.640,8.342,8.835,2,0,Honda,sedan,hybrid,CVT,South,franchise_dealer,40626.837,40905.276
CAR-P-00852,2024,1.775,24813.102,11955.606,2.913,284.895,8.673,6.393,4,0,Ford,pickup,gasoline,automatic,Northeast,independent_dealer,39721.371,41412.133
CAR-P-00701,2020,5.404,76456.906,14735.010,,236.347,8.138,8.021,4,0,Honda,sedan,gasoline,automatic,South,private,25534.679,26810.157
CAR-P-01712,2018,7.090,134581.330,18334.486,3.788,372.099,6.234,6.865,2,2,BMW,pickup,gasoline,automatic,Northeast,franchise_dealer,36783.885,38814.364
CAR-P-00881,2019,6.231,63909.301,10781.946,2.304,242.140,,,1,0,Subaru,SUV,hybrid,manual,South,private,33949.507,34778.361
CAR-P-00921,2018,7.041,121904.604,18071.317,2.468,247.131,7.342,8.090,3,1,Hyundai,SUV,gasoline,automatic,Midwest,independent_dealer,20829.118,21862.477
CAR-P-00772,2020,5.100,47118.491,8934.487,3.122,296.777,8.116,,2,0,Honda,pickup,gasoline,automatic,South,franchise_dealer,38724.733,40539.309
CAR-P-01085,2020,5.150,66698.632,12674.997,2.241,225.267,7.937,8.846,3,0,Toyota,SUV,gasoline,automatic,Midwest,independent_dealer,30859.477,32012.595
CAR-P-00652,2024,1.832,28176.547,13180.441,1.836,187.339,8.403,7.374,2,0,Subaru,SUV,diesel,automatic,Midwest,independent_dealer,34650.412,35701.680
CAR-P-00259,2017,8.526,134659.689,15531.552,1.717,251.228,6.349,6.112,3,0,Honda,coupe,gasoline,automatic,South,private,22505.151,22923.554
CAR-P-00153,2023,2.423,26330.997,9387.080,1.540,192.368,8.558,,2,0,Honda,sedan,gasoline,automatic,Northeast,franchise_dealer,,32531.851
CAR-P-01660,2021,4.900,100134.438,20497.185,1.483,149.952,8.112,9.685,1,0,Subaru,sedan,gasoline,automatic,West,private,9550.808,8878.304
CAR-P-00265,2014,11.666,242297.102,20601.348,0.700,109.636,7.156,8.351,2,0,Honda,hatchback,electric,automatic,South,independent_dealer,14868.178,15200.610
CAR-P-01414,2024,1.089,14659.281,8808.078,1.968,195.212,8.745,9.201,1,0,Honda,sedan,gasoline,automatic,South,franchise_dealer,,37887.200
CAR-P-01670,2023,2.117,30303.652,13528.838,2.178,383.105,8.206,8.339,1,0,Tesla,SUV,gasoline,manual,Midwest,franchise_dealer,53922.562,56409.831
CAR-P-00747,2021,4.983,69428.450,13775.625,1.893,175.005,5.454,3.034,2,2,Honda,SUV,diesel,automatic,South,franchise_dealer,21711.495,21355.904
CAR-P-01322,2014,11.102,199686.744,18294.114,2.100,231.560,,,6,0,Hyundai,hatchback,gasoline,automatic,Midwest,independent_dealer,12160.173,12311.054
CAR-P-00565,2024,1.533,28141.967,16445.208,2.058,238.252,7.009,,1,1,BMW,SUV,gasoline,automatic,South,independent_dealer,37201.324,37734.070
CAR-P-01429,2023,2.393,54567.649,20902.278,2.915,250.706,8.525,8.197,2,0,Toyota,sedan,diesel,automatic,South,franchise_dealer,34821.348,36342.129
CAR-P-01351,2022,3.904,60357.184,15266.793,2.162,199.436,8.062,,1,0,Hyundai,SUV,diesel,automatic,West,independent_dealer,30421.778,32603.695
CAR-P-00972,2020,5.010,78623.246,15139.362,2.603,258.481,7.890,8.030,2,0,Ford,pickup,gasoline,automatic,Northeast,franchise_dealer,34656.299,37247.068
CAR-P-01543,2022,3.304,31237.883,9102.969,1.723,224.639,,7.446,3,0,Honda,pickup,hybrid,manual,Midwest,franchise_dealer,34022.137,35673.453
CAR-P-01547,2022,3.677,640449.698,16075.071,3.125,298.285,,,1,0,Kia,SUV,gasoline,automatic,Midwest,private,35052.448,36011.103
CAR-P-00037,2021,4.697,41906.343,8044.930,1.705,209.888,,6.353,1,0,BMW,SUV,electric,automatic,Midwest,private,,37877.769
CAR-P-01738,2020,5.360,55305.835,10450.467,1.936,284.520,6.877,7.100,3,0,Mercedes,coupe,gasoline,CVT,South,independent_dealer,34979.681,36554.264
CAR-P-00869,2009,16.830,227129.488,13115.352,3.025,344.379,3.089,3.115,5,0,Mercedes,pickup,gasoline,manual,Midwest,independent_dealer,11584.693,10759.672
CAR-P-01140,2007,18.855,256666.105,13278.103,1.705,198.458,6.656,7.546,6,0,Honda,coupe,gasoline,automatic,Midwest,independent_dealer,,2683.620
CAR-P-00252,2015,10.448,136521.635,13431.428,2.207,226.975,6.830,6.349,2,0,Toyota,sedan,gasoline,automatic,West,franchise_dealer,,26582.188
CAR-P-00195,2018,7.496,180293.038,23025.622,,291.242,6.748,6.410,3,0,Hyundai,hatchback,diesel,automatic,Northeast,franchise_dealer,24037.838,25086.952
CAR-P-00987,2023,2.123,23227.836,11273.573,2.041,205.366,8.478,8.562,1,0,Hyundai,SUV,diesel,automatic,Northeast,private,32956.907,34210.510
CAR-P-00481,2022,3.211,63526.744,19009.176,2.323,230.776,9.412,8.567,1,0,Subaru,SUV,hybrid,CVT,South,franchise_dealer,38839.918,41042.437
CAR-P-00679,2016,9.090,116577.689,12425.135,1.964,188.084,8.101,9.887,4,0,Subaru,sedan,gasoline,CVT,Northeast,franchise_dealer,,18984.133
CAR-P-01091,2022,3.757,50372.487,12777.927,1.952,210.229,7.794,7.756,2,1,Toyota,SUV,gasoline,automatic,South,private,30718.664,31654.244
CAR-P-01689,2021,4.734,63845.301,13774.719,2.471,244.475,,9.212,7,0,Mercedes,pickup,gasoline,automatic,Midwest,independent_dealer,36649.556,38848.385
CAR-P-00255,2010,15.399,290669.550,18855.166,3.080,310.093,,6.750,3,0,Ford,hatchback,gasoline,automatic,Northeast,franchise_dealer,17070.168,16952.846
CAR-P-00955,2022,3.493,31219.481,8607.720,2.367,263.611,8.766,10.000,1,0,Hyundai,pickup,hybrid,automatic,South,franchise_dealer,39402.476,40802.507
CAR-P-01306,2019,6.326,145975.694,22478.505,2.268,226.359,8.678,8.553,3,0,Honda,SUV,gasoline,automatic,West,franchise_dealer,28103.113,29554.761
CAR-P-00506,2017,8.680,151025.474,17239.175,,175.105,,6.408,2,0,Hyundai,sedan,electric,automatic,South,private,24934.137,25122.629
CAR-P-00412,2019,6.581,127815.418,19754.604,1.428,147.132,7.732,7.267,4,0,Hyundai,SUV,electric,manual,Midwest,private,21564.748,21072.428
CAR-P-00071,2014,11.829,308365.199,25711.368,2.820,288.226,5.945,6.646,4,0,Toyota,pickup,gasoline,automatic,West,franchise_dealer,18931.888,19130.957
CAR-P-00123,2023,2.612,40420.261,12875.324,1.915,204.659,9.029,9.473,1,0,Ford,SUV,hybrid,automatic,South,franchise_dealer,36449.532,38537.976
CAR-P-01342,2025,0.100,6541.077,18954.657,2.321,228.650,9.542,10.000,1,0,Subaru,SUV,gasoline,automatic,Midwest,franchise_dealer,42786.388,45422.805
CAR-P-01296,2018,7.982,166116.550,20293.148,1.625,205.194,6.916,6.343,5,0,Mercedes,sedan,hybrid,automatic,South,independent_dealer,25198.291,26960.228
CAR-P-01441,2016,9.086,63914.227,7523.995,2.438,290.763,6.676,6.590,4,0,Kia,coupe,gasoline,automatic,Northeast,independent_dealer,18812.909,18948.364
CAR-P-01562,2015,10.115,168188.681,17088.979,2.702,281.781,6.173,7.127,1,0,Mercedes,SUV,gasoline,CVT,Midwest,franchise_dealer,,32968.534
CAR-P-00906,2018,7.095,133823.853,18347.027,1.799,176.704,6.965,7.440,1,1,Honda,SUV,gasoline,automatic,South,franchise_dealer,24444.628,23980.364
CAR-P-00287,2023,2.390,39342.190,18921.842,1.640,220.509,7.556,6.882,3,0,Toyota,coupe,diesel,automatic,South,private,,36010.976
CAR-P-01591,2023,2.086,24101.488,11696.957,2.163,233.398,10.000,10.000,3,0,Honda,hatchback,,automatic,Midwest,private,,36523.309
CAR-P-00610,2022,3.360,38140.623,12856.011,1.761,181.561,8.395,9.892,1,0,Ford,SUV,gasoline,manual,Midwest,private,29063.368,30333.170
CAR-P-00592,2024,1.474,25222.638,17417.677,1.045,125.666,9.463,8.557,4,0,Ford,SUV,electric,automatic,South,independent_dealer,36565.177,37016.909
CAR-P-00642,2023,2.772,30219.735,12336.787,2.372,247.259,8.616,6.285,2,0,Toyota,sedan,gasoline,CVT,South,independent_dealer,,39004.708
CAR-P-01308,2014,11.067,145313.290,13964.980,1.413,157.495,5.899,7.385,3,2,Hyundai,hatchback,gasoline,CVT,West,franchise_dealer,1440.827,1200.000
CAR-P-00542,2021,4.479,86661.502,19941.913,2.039,223.443,8.438,8.686,3,0,Toyota,SUV,gasoline,automatic,West,franchise_dealer,35633.339,36507.148
CAR-P-01769,2023,2.174,12575.361,4398.738,3.152,291.980,6.571,6.320,4,1,Ford,pickup,gasoline,automatic,Northeast,independent_dealer,32974.805,33355.649
CAR-P-01318,2020,5.597,94236.039,16778.481,2.032,369.271,7.273,7.253,1,0,Tesla,sedan,diesel,automatic,West,franchise_dealer,46612.145,50099.519
CAR-P-00116,2020,5.689,76297.142,14388.823,1.443,157.715,8.445,,3,0,Honda,sedan,hybrid,CVT,Northeast,independent_dealer,24167.248,25229.629
CAR-P-01447,2022,3.397,54812.791,14973.876,,174.286,7.987,8.216,2,0,Subaru,sedan,gasoline,automatic,South,private,15645.781,15287.209
CAR-P-01478,2020,5.461,72546.949,12762.872,1.658,172.583,7.299,7.622,1,0,Honda,sedan,diesel,CVT,West,franchise_dealer,29783.132,30422.452
CAR-P-00712,2019,6.952,112125.108,16747.235,2.589,291.348,7.367,7.354,3,0,BMW,sedan,gasoline,automatic,Northeast,franchise_dealer,,38529.844
CAR-P-00480,2021,4.773,82813.479,17927.190,1.884,192.595,9.798,8.772,3,0,Toyota,hatchback,gasoline,automatic,West,independent_dealer,47678.958,49831.321
CAR-P-01225,2015,10.512,108303.970,10359.120,2.467,258.724,6.423,6.191,3,0,Honda,sedan,hybrid,automatic,Midwest,independent_dealer,,18985.623
CAR-P-00758,2025,0.876,14578.923,12893.254,0.700,85.617,7.238,6.879,1,0,Honda,SUV,electric,automatic,West,franchise_dealer,,36549.767
CAR-P-01474,2025,0.685,8949.931,8616.258,2.102,219.758,8.460,9.193,2,0,Honda,pickup,gasoline,automatic,West,independent_dealer,42964.162,44966.106
CAR-P-01076,2020,5.712,98422.227,17599.140,2.181,219.135,6.696,7.208,6,0,Ford,hatchback,hybrid,automatic,South,independent_dealer,,19664.113
CAR-P-01064,2022,3.612,47847.949,14436.258,2.211,245.405,,7.028,2,0,Mercedes,SUV,gasoline,automatic,West,franchise_dealer,43165.807,44576.941
CAR-P-00521,2017,8.409,109424.595,13310.934,2.301,256.046,7.082,7.876,3,1,Toyota,SUV,hybrid,manual,South,franchise_dealer,,24487.988
CAR-P-00829,2023,2.857,31037.764,8219.252,2.332,278.998,,8.867,3,0,BMW,sedan,gasoline,automatic,Midwest,private,41135.027,42272.613
CAR-P-01528,2021,4.047,65336.929,16513.596,1.572,179.591,6.167,5.607,3,0,Honda,SUV,hybrid,CVT,Midwest,franchise_dealer,29623.947,30302.124
CAR-P-01523,2019,6.830,104960.022,14857.203,1.494,172.268,8.459,7.152,2,0,Subaru,sedan,diesel,,Northeast,franchise_dealer,43778.591,45895.918
CAR-P-00166,2022,3.516,52916.748,16724.548,1.794,203.340,8.122,7.769,1,0,Hyundai,SUV,gasoline,automatic,Northeast,franchise_dealer,33691.306,35383.834
CAR-P-00682,2020,5.336,55653.893,9586.758,2.560,250.363,7.766,7.549,2,0,Honda,sedan,gasoline,automatic,South,franchise_dealer,31661.389,33547.943
CAR-P-00555,2019,6.731,130977.955,19649.713,3.639,350.886,7.699,7.855,3,0,Toyota,pickup,gasoline,automatic,Northeast,private,33824.753,35317.403
CAR-P-00760,2024,1.484,23385.149,18809.791,2.392,266.667,8.537,,1,0,Toyota,SUV,diesel,CVT,South,franchise_dealer,,46179.835
CAR-P-01005,2016,9.282,164435.890,17370.340,2.457,236.073,6.537,6.462,1,0,Toyota,SUV,diesel,automatic,Northeast,franchise_dealer,28164.235,29248.275
CAR-P-00526,2017,8.408,89196.216,11140.771,2.293,257.236,6.825,9.358,3,1,Mercedes,hatchback,gasoline,CVT,South,franchise_dealer,28621.367,29156.296
CAR-P-01033,2019,6.535,127023.899,19282.189,1.731,181.939,,9.452,1,0,Mercedes,sedan,gasoline,CVT,South,independent_dealer,27823.043,28883.110
CAR-P-00731,2019,6.952,70089.702,10018.857,2.211,256.132,6.591,5.391,3,0,Mercedes,sedan,gasoline,automatic,Midwest,franchise_dealer,32707.883,33494.395
CAR-P-01357,2004,21.274,310199.081,14343.836,2.375,241.585,4.346,4.578,5,0,Subaru,sedan,diesel,automatic,South,independent_dealer,3520.295,2541.247
CAR-P-00614,2024,1.376,12906.060,13646.463,2.784,265.360,8.203,7.918,2,1,Subaru,SUV,hybrid,CVT,South,franchise_dealer,40278.912,42550.187
CAR-P-01711,2021,4.824,63771.255,13636.814,2.640,412.867,8.280,8.266,2,0,Tesla,pickup,gasoline,,South,franchise_dealer,53303.718,55979.142
CAR-P-00572,2023,2.075,43739.695,22143.893,1.877,215.243,8.840,7.628,1,0,BMW,sedan,diesel,automatic,Northeast,independent_dealer,39728.588,40805.987
CAR-P-00755,2025,0.624,2588.671,11211.376,,283.862,,9.160,1,0,Kia,sedan,gasoline,automatic,South,franchise_dealer,41128.169,43036.864
CAR-P-01424,2024,1.916,37524.048,19983.498,1.395,176.188,7.966,6.248,1,0,Ford,sedan,gasoline,automatic,Midwest,franchise_dealer,30948.484,32217.116
CAR-P-01713,2023,2.474,50570.340,17955.533,2.896,267.359,8.432,7.889,2,0,Toyota,SUV,diesel,manual,South,independent_dealer,39234.300,40617.161
CAR-P-00599,2012,13.104,177540.036,13406.304,1.996,194.894,6.563,4.873,1,1,Hyundai,SUV,hybrid,automatic,South,franchise_dealer,14790.445,15152.830
CAR-P-00072,2020,5.878,74735.398,11829.394,1.200,150.048,8.323,8.388,4,0,Subaru,sedan,gasoline,,South,independent_dealer,,38237.692
CAR-P-00488,2018,7.620,164425.704,21296.643,1.988,207.386,8.983,8.431,3,0,Ford,hatchback,gasoline,automatic,South,independent_dealer,23306.766,24371.617
CAR-P-00692,2021,4.937,62420.568,14214.669,2.677,258.277,9.257,8.968,2,0,Hyundai,SUV,gasoline,automatic,South,private,35789.053,36514.324
CAR-P-01735,2019,6.068,69960.120,10471.340,2.265,230.706,8.996,9.880,2,0,Ford,pickup,gasoline,automatic,South,franchise_dealer,33109.904,34203.912
CAR-P-01439,2019,6.746,82909.881,12420.755,0.700,114.089,6.222,5.890,1,1,Ford,sedan,hybrid,automatic,Midwest,independent_dealer,15126.209,14824.286
CAR-P-00504,2019,6.879,136667.141,19517.640,1.902,249.619,6.930,4.485,5,1,Hyundai,coupe,gasoline,automatic,West,independent_dealer,18982.856,19912.421
CAR-P-00804,2017,8.580,114527.132,13189.895,2.294,280.950,7.437,7.366,2,0,Ford,coupe,hybrid,automatic,Northeast,franchise_dealer,30605.925,31232.646
CAR-P-00106,2017,8.530,165152.140,19923.690,1.952,220.790,6.920,7.459,1,0,Honda,sedan,gasoline,CVT,Northeast,franchise_dealer,21823.661,23032.114
CAR-P-01683,2021,4.846,47770.883,11001.079,,210.479,7.778,6.987,3,0,Honda,hatchback,hybrid,automatic,West,independent_dealer,30064.613,29987.127
CAR-P-00199,2021,4.283,56189.986,13676.841,0.700,91.301,,8.594,1,0,Toyota,hatchback,electric,automatic,West,independent_dealer,29962.794,31588.550
CAR-P-01504,2023,2.155,44376.474,17093.911,1.634,175.466,8.785,10.000,2,1,Honda,sedan,gasoline,automatic,West,independent_dealer,28107.876,28667.615
CAR-P-00568,2023,2.733,63922.496,20653.978,3.827,390.533,7.946,,1,0,Honda,pickup,diesel,automatic,Northeast,franchise_dealer,,54679.120
CAR-P-01004,2020,5.321,66651.607,11787.129,1.970,248.926,6.469,6.743,1,2,Mercedes,SUV,hybrid,CVT,Midwest,franchise_dealer,,34996.047
CAR-P-00157,2012,13.209,301893.619,22847.828,1.936,177.940,6.513,8.052,3,0,Kia,sedan,diesel,manual,Northeast,franchise_dealer,11531.727,10858.102
CAR-P-01544,2020,5.979,92915.831,15562.259,1.461,206.143,7.861,6.844,3,0,Honda,coupe,gasoline,automatic,South,independent_dealer,28693.780,29641.635
CAR-P-01546,2018,7.197,81954.826,11178.624,1.944,199.273,8.312,8.583,2,0,Hyundai,sedan,,automatic,South,franchise_dealer,21487.080,21976.113
CAR-P-00099,2021,4.876,49322.726,10381.801,0.700,82.725,9.109,10.000,1,0,Toyota,sedan,electric,CVT,Northeast,private,26570.929,27291.075
CAR-P-00808,2016,9.016,100658.588,10602.871,3.273,307.469,7.771,8.688,1,1,Ford,SUV,gasoline,automatic,West,franchise_dealer,26811.147,27988.588
CAR-P-01158,2019,6.171,96385.422,16008.109,2.102,222.825,7.515,,2,0,Honda,sedan,diesel,automatic,West,franchise_dealer,31527.500,33389.041
CAR-P-01761,2016,9.624,155371.123,16462.220,,268.498,6.407,7.042,8,0,Ford,pickup,diesel,automatic,West,private,19575.126,20078.075
CAR-P-01421,2011,14.359,243655.954,16269.818,,103.816,5.000,4.821,1,0,Honda,SUV,electric,automatic,West,private,6207.241,5483.418
CAR-P-01028,2022,3.984,49878.616,11673.196,2.080,241.999,7.675,8.128,4,0,Kia,hatchback,,CVT,Northeast,private,28926.280,30217.473
CAR-P-00066,2022,3.767,42890.007,12456.466,2.505,284.791,8.351,8.168,2,0,BMW,pickup,gasoline,automatic,Northeast,private,42544.343,44415.975
CAR-P-00564,2009,16.642,245771.533,14949.684,2.475,251.538,,7.938,8,0,Kia,sedan,diesel,automatic,Midwest,franchise_dealer,5809.326,4056.819
CAR-P-01649,2022,3.969,63699.966,15712.510,1.554,157.657,8.769,,1,0,Hyundai,hatchback,hybrid,automatic,Midwest,independent_dealer,30515.601,32040.048
CAR-P-00208,2021,4.613,74200.258,15699.970,2.107,218.467,7.380,,3,1,Hyundai,SUV,diesel,manual,Northeast,independent_dealer,26875.611,27761.425
CAR-P-01680,2014,11.082,175050.505,15616.106,2.445,247.327,7.535,6.148,4,0,Ford,SUV,hybrid,automatic,Northeast,independent_dealer,20596.673,20714.047
CAR-P-01789,2008,17.354,190843.482,11109.893,1.997,225.524,6.608,6.693,5,0,Toyota,SUV,gasoline,automatic,West,franchise_dealer,14541.050,14072.120
CAR-P-01379,2022,3.891,93979.586,24317.374,2.295,222.786,,8.710,2,1,Toyota,SUV,gasoline,automatic,Midwest,franchise_dealer,32649.751,33356.031
CAR-P-01008,2017,8.957,133476.687,14505.668,2.100,195.547,7.841,6.644,3,0,Ford,sedan,hybrid,automatic,Northeast,franchise_dealer,,22061.678
CAR-P-01450,2014,11.182,170582.400,15195.254,2.046,185.975,6.425,6.090,2,0,Kia,sedan,gasoline,manual,Midwest,independent_dealer,10666.333,10637.761
CAR-P-01232,2015,10.989,125841.646,12036.105,,220.467,6.228,7.125,4,0,Ford,hatchback,gasoline,manual,South,private,8315.217,7999.537
CAR-P-01577,2021,4.757,54832.280,12639.731,1.962,206.375,8.554,9.504,3,0,Hyundai,SUV,gasoline,automatic,South,franchise_dealer,29136.831,30089.377
CAR-P-00659,2013,12.063,200886.575,16408.916,2.045,224.847,4.979,,2,1,Honda,sedan,gasoline,automatic,Midwest,independent_dealer,8788.205,8296.162
CAR-P-01323,2022,3.399,44741.281,11722.365,1.609,179.664,7.944,9.178,3,0,Toyota,hatchback,gasoline,CVT,Northeast,franchise_dealer,26048.476,27145.326
CAR-P-00315,2017,8.341,137251.372,16022.807,2.753,272.006,6.333,4.879,4,0,Toyota,SUV,gasoline,CVT,West,private,24009.416,25067.591
CAR-P-00444,2023,2.778,39148.183,13784.783,2.483,238.912,8.787,9.887,1,0,Toyota,SUV,gasoline,automatic,Midwest,franchise_dealer,39421.094,41104.609
CAR-P-00115,2024,1.311,8515.800,11474.484,1.877,206.069,8.832,7.524,2,0,Hyundai,sedan,gasoline,automatic,South,private,33238.038,34285.676
CAR-P-01202,2022,3.724,48176.110,14982.879,1.722,159.951,8.135,7.936,2,0,Ford,sedan,hybrid,automatic,West,independent_dealer,30267.294,31307.486
CAR-P-01199,2023,2.783,17232.201,5485.144,0.782,88.922,8.612,8.670,1,0,Hyundai,SUV,electric,manual,Northeast,independent_dealer,,34468.904
CAR-P-01640,2022,3.333,25447.655,8687.244,1.734,225.213,8.265,8.352,3,1,Ford,sedan,gasoline,automatic,South,franchise_dealer,28544.591,29788.950
CAR-P-01121,2020,5.474,55256.766,9912.109,,173.504,7.434,4.841,2,0,Kia,sedan,gasoline,automatic,Midwest,independent_dealer,17930.395,19145.087
CAR-P-00930,2021,4.521,62993.679,15754.521,1.770,180.638,7.488,8.146,3,0,Ford,hatchback,gasoline,automatic,Northeast,franchise_dealer,27523.795,27023.467
CAR-P-01200,2023,2.114,32247.410,16454.013,0.700,83.498,8.789,8.025,3,0,Subaru,hatchback,electric,automatic,West,private,30234.482,30641.850
CAR-P-00853,2022,3.453,49855.806,15911.868,2.311,228.530,7.797,9.409,1,0,Honda,SUV,gasoline,CVT,West,franchise_dealer,35193.385,37176.925
CAR-P-01433,2020,5.081,78295.468,14946.762,1.905,201.874,6.725,5.012,2,0,Honda,hatchback,diesel,,West,franchise_dealer,21269.869,22210.190
CAR-P-00471,2025,0.350,1320.488,10420.183,2.596,257.728,8.242,8.643,3,0,Honda,hatchback,gasoline,CVT,South,independent_dealer,35772.010,37676.092
CAR-P-01234,2023,2.626,30233.545,14466.962,1.755,204.344,8.853,8.420,2,0,Toyota,sedan,hybrid,CVT,Midwest,private,32678.364,34504.082
CAR-P-00331,2023,2.153,25364.924,11942.736,2.310,256.114,7.635,5.163,1,0,Ford,SUV,gasoline,CVT,Northeast,franchise_dealer,34391.867,36571.875
CAR-P-01674,2020,5.159,70519.301,12960.245,1.604,229.658,7.784,6.254,1,1,Mercedes,coupe,hybrid,automatic,Midwest,private,36361.534,37907.437
CAR-P-00990,2021,4.801,88240.599,18613.855,0.876,106.576,7.068,7.142,4,0,Honda,sedan,hybrid,CVT,Midwest,franchise_dealer,28075.129,29773.082
CAR-P-01495,2020,5.949,134588.615,23865.943,2.567,259.719,8.152,7.291,1,0,Subaru,sedan,hybrid,automatic,Northeast,franchise_dealer,34123.164,35130.843
CAR-P-01420,2021,4.204,46413.194,10497.002,2.830,267.200,7.917,7.961,3,1,Honda,SUV,hybrid,automatic,West,franchise_dealer,38784.565,40373.874
CAR-P-00253,2020,5.185,79538.808,14124.809,,237.787,8.753,9.183,1,0,Ford,sedan,gasoline,automatic,South,franchise_dealer,31936.155,32734.197
CAR-P-01569,2020,5.490,96817.094,17902.652,2.402,263.192,8.112,7.918,1,0,BMW,coupe,gasoline,automatic,West,private,36476.701,38351.267
CAR-P-01800,2022,3.995,48330.980,13898.253,0.772,143.890,8.191,8.442,1,0,BMW,hatchback,electric,automatic,Northeast,independent_dealer,,38139.959
CAR-P-00074,2019,6.115,98415.604,15209.229,2.564,293.785,8.171,8.903,1,0,Toyota,pickup,diesel,automatic,Northeast,independent_dealer,39600.742,40997.614
CAR-P-00439,2012,13.848,254923.178,18913.825,1.818,175.486,5.881,5.520,3,0,Hyundai,sedan,gasoline,automatic,West,private,2744.395,2495.869
CAR-P-00980,2020,5.785,66547.186,10868.854,2.908,287.878,8.341,6.254,3,0,Kia,pickup,,manual,South,independent_dealer,31455.723,32780.921
CAR-P-00083,2018,7.902,144592.934,18865.940,1.407,189.812,8.359,,2,0,Mercedes,sedan,gasoline,CVT,West,private,31885.383,32747.550
CAR-P-00421,2021,4.739,92486.440,20226.079,2.486,228.659,8.497,8.673,1,0,Honda,pickup,diesel,manual,South,independent_dealer,36272.724,37754.813
CAR-P-01302,2014,11.482,140922.646,12784.504,1.902,205.347,,7.076,1,0,Toyota,sedan,gasoline,automatic,West,private,14936.773,14835.153
CAR-P-00207,2018,7.074,112279.625,15902.381,2.987,327.134,7.705,,2,0,Honda,pickup,gasoline,automatic,West,private,39914.938,41370.754
CAR-P-00831,2022,3.747,54620.455,14535.573,3.142,346.651,,10.000,1,0,Mercedes,pickup,,automatic,West,private,51134.943,53479.849
CAR-P-01182,2020,5.534,63336.912,11562.840,1.801,196.010,,7.189,2,0,Ford,sedan,,automatic,West,private,26697.908,27835.021
CAR-P-01593,2018,7.718,112685.388,14783.908,2.540,255.712,,7.610,4,0,Subaru,sedan,gasoline,automatic,Midwest,private,,23699.018
CAR-P-00627,2020,5.965,112312.393,18135.896,2.108,409.202,8.150,7.880,2,0,Tesla,coupe,gasoline,automatic,Northeast,franchise_dealer,48700.692,50860.575
CAR-P-00670,2013,12.843,187905.857,14681.722,3.011,327.771,5.683,,2,0,BMW,SUV,,automatic,Midwest,private,30752.356,31652.124
CAR-P-00647,2023,2.718,15997.247,7154.254,2.905,283.043,,,2,0,Honda,SUV,hybrid,automatic,Northeast,private,38893.330,41725.014
CAR-P-00347,2006,19.217,119705.521,5977.106,,221.433,6.277,5.741,6,0,Toyota,sedan,gasoline,CVT,Midwest,private,6598.870,6380.382
CAR-P-01496,2020,5.095,80572.647,17180.074,2.289,274.356,7.770,8.647,3,1,BMW,sedan,gasoline,automatic,Northeast,independent_dealer,34670.282,35834.868
CAR-P-00650,2019,6.223,76634.892,12082.565,2.094,232.457,7.232,7.324,3,0,Subaru,SUV,gasoline,automatic,Northeast,independent_dealer,26640.262,27965.550
CAR-P-01378,2024,1.647,27710.031,19592.990,1.857,197.684,9.027,7.586,1,0,Ford,hatchback,gasoline,automatic,Northeast,franchise_dealer,33468.297,34883.581
CAR-P-00317,2020,5.517,121291.778,20178.316,1.673,168.018,7.731,7.881,1,0,Hyundai,hatchback,gasoline,CVT,Northeast,independent_dealer,,23274.567
CAR-P-01471,2021,4.908,63725.854,12565.066,,312.885,7.517,7.395,2,0,Toyota,coupe,gasoline,automatic,Northeast,franchise_dealer,39930.646,40296.080
CAR-P-00336,2024,1.209,24475.561,13361.331,2.063,231.818,7.999,7.649,1,1,Honda,sedan,gasoline,automatic,Midwest,independent_dealer,31767.540,32884.729
CAR-P-00770,2014,11.586,218390.670,19178.627,2.550,254.126,6.618,5.905,3,0,Honda,pickup,gasoline,manual,West,franchise_dealer,24268.056,24666.776
CAR-P-00152,2024,1.541,18703.621,12625.531,2.399,229.084,9.869,,1,0,Kia,SUV,diesel,CVT,Northeast,franchise_dealer,39486.479,42137.139
CAR-P-00415,2012,13.662,175318.263,13346.250,,247.253,6.886,8.443,2,0,Ford,pickup,gasoline,CVT,South,franchise_dealer,,26246.819
CAR-P-00196,2016,9.712,112061.834,11795.929,1.797,178.383,6.860,6.034,2,0,Honda,SUV,gasoline,CVT,Midwest,private,13715.110,13965.046
CAR-P-00799,2021,4.918,71866.537,14529.137,2.841,275.302,7.447,9.242,3,0,Subaru,pickup,gasoline,automatic,West,franchise_dealer,,35751.186
CAR-P-01484,2018,7.239,89346.680,12526.885,2.185,349.778,8.038,8.198,2,0,Tesla,hatchback,gasoline,automatic,West,independent_dealer,43557.232,43562.342
CAR-P-00618,2020,5.866,98182.080,16433.620,2.940,295.251,6.506,6.837,2,0,Honda,SUV,gasoline,manual,Midwest,independent_dealer,29251.651,30514.694
CAR-P-00802,2013,12.295,224665.838,18475.928,2.806,280.677,7.069,,3,0,Kia,pickup,gasoline,manual,Northeast,franchise_dealer,20779.982,21638.073
CAR-P-01656,2020,5.847,40821.872,7061.247,1.933,177.878,7.539,5.635,3,1,Ford,SUV,diesel,automatic,Midwest,independent_dealer,22101.181,23365.373
CAR-P-00767,2024,2.000,33398.151,15073.653,3.404,344.934,9.541,8.528,2,0,Mercedes,pickup,gasoline,automatic,West,franchise_dealer,54085.074,56742.053
CAR-P-00502,2017,8.498,118410.136,13764.400,2.713,265.253,7.041,6.838,1,0,Subaru,hatchback,gasoline,automatic,West,independent_dealer,29242.993,29653.459
CAR-P-00604,2020,5.112,75793.903,16338.388,1.410,187.675,7.410,6.616,2,0,Toyota,hatchback,gasoline,automatic,West,franchise_dealer,,24958.874
CAR-P-01734,2015,10.936,280854.935,25334.900,1.875,383.948,6.761,6.064,4,0,Tesla,sedan,gasoline,automatic,Midwest,private,28710.262,28877.366
CAR-P-00498,2016,9.099,96674.644,10615.082,2.634,360.185,,5.793,3,0,Tesla,pickup,hybrid,automatic,West,private,35385.564,37452.133
CAR-P-01784,2024,1.241,31154.247,18416.688,3.136,321.685,8.425,9.689,1,0,Honda,SUV,hybrid,manual,South,independent_dealer,45475.258,47523.384
CAR-P-00595,2020,5.912,90788.806,14665.723,1.828,182.082,8.156,,3,0,Honda,sedan,gasoline,manual,Midwest,private,,20674.983
CAR-P-01006,2017,8.779,36392.312,4466.848,2.517,278.835,7.008,7.529,3,0,Honda,hatchback,diesel,automatic,Northeast,franchise_dealer,27150.487,28511.128
CAR-P-01260,2013,12.462,282299.186,22340.368,2.152,237.929,6.239,7.243,6,1,Honda,sedan,gasoline,automatic,Northeast,independent_dealer,11374.198,11583.292
CAR-P-01079,2020,5.386,67793.412,11995.464,1.828,218.608,8.816,7.142,5,0,Honda,sedan,hybrid,CVT,West,independent_dealer,25975.357,27617.346
CAR-P-01500,2019,6.173,99466.444,15680.689,1.518,302.753,8.111,7.742,4,0,Tesla,sedan,gasoline,automatic,West,franchise_dealer,38578.111,41078.495
CAR-P-00028,2021,4.879,73006.273,15050.607,1.744,206.520,6.738,5.061,1,1,Hyundai,SUV,gasoline,automatic,Northeast,franchise_dealer,21562.984,22682.051
CAR-P-00416,2018,7.292,114880.875,14108.684,2.208,250.162,6.700,9.634,1,0,Toyota,hatchback,diesel,automatic,Northeast,private,27473.075,28980.849
CAR-P-00941,2024,1.793,32611.143,14779.493,,225.353,8.382,9.872,4,1,Honda,sedan,gasoline,manual,Northeast,independent_dealer,31836.635,33273.737
CAR-P-01013,2013,12.400,2095838.834,15357.110,2.711,280.070,6.307,5.730,3,0,Kia,sedan,gasoline,automatic,Midwest,independent_dealer,15829.435,15290.909
CAR-P-00897,2019,6.859,75599.093,10961.454,0.897,124.771,7.442,6.886,2,1,Hyundai,sedan,gasoline,automatic,South,independent_dealer,13803.322,15003.364
CAR-P-00840,2018,7.285,118238.037,15341.126,1.690,191.713,8.087,8.747,3,0,Ford,sedan,gasoline,CVT,Midwest,private,18196.749,18029.990
CAR-P-01059,2022,3.989,57967.899,14355.387,1.962,254.239,9.014,9.523,1,0,Subaru,coupe,gasoline,CVT,South,private,,39634.907
CAR-P-00476,2014,11.022,118217.538,11296.641,2.609,281.334,,8.020,4,0,Ford,sedan,gasoline,manual,Midwest,independent_dealer,,18041.084
CAR-P-00437,2020,5.218,101269.988,19123.613,2.137,245.443,7.032,8.022,1,0,Toyota,sedan,gasoline,automatic,South,franchise_dealer,31388.510,32667.420
CAR-P-00354,2021,4.644,76307.236,17311.891,1.681,175.722,8.834,,4,0,Honda,SUV,hybrid,CVT,South,private,31176.709,31810.298
CAR-P-01185,2020,5.860,104813.837,17228.210,2.537,226.631,8.543,7.331,4,0,Subaru,hatchback,hybrid,automatic,West,franchise_dealer,34422.918,35916.714
CAR-P-00754,2022,3.010,65248.558,21386.495,1.896,181.465,9.022,9.737,1,0,Toyota,sedan,hybrid,manual,South,private,32905.571,34230.999
CAR-P-01139,2014,11.816,233842.246,20776.439,2.397,279.143,5.969,7.919,1,0,Toyota,hatchback,gasoline,automatic,Northeast,franchise_dealer,21040.042,20880.486
CAR-P-00054,2024,1.295,206798.503,19735.264,2.532,248.861,8.712,9.439,1,0,Kia,sedan,gasoline,automatic,Northeast,private,34259.506,34893.010
CAR-P-00442,2021,4.127,37621.697,9349.761,2.303,305.981,8.544,6.843,1,0,Mercedes,coupe,gasoline,automatic,Northeast,franchise_dealer,46299.198,47859.975
CAR-P-00515,2015,10.183,139031.606,12971.073,2.116,218.212,6.016,4.770,3,1,Honda,pickup,diesel,CVT,West,independent_dealer,21769.797,22719.016
CAR-P-01525,2019,6.706,77044.975,11659.164,2.985,283.325,8.320,9.434,3,0,Toyota,SUV,diesel,CVT,Midwest,franchise_dealer,33694.110,34228.968
CAR-P-01671,2023,2.895,52898.993,18610.785,1.872,195.960,8.847,9.226,1,0,Toyota,SUV,gasoline,manual,Midwest,franchise_dealer,36278.881,37743.885
CAR-P-00014,2014,11.326,88955.039,7698.191,3.330,335.477,5.549,3.718,5,0,Ford,pickup,gasoline,automatic,West,franchise_dealer,27494.753,28619.622
CAR-P-00108,2022,3.751,29185.764,8057.636,1.648,182.425,8.145,,2,0,Subaru,hatchback,hybrid,manual,South,independent_dealer,28833.394,29954.447
CAR-P-00856,2020,5.456,95092.761,16241.874,2.943,311.667,7.738,8.683,1,0,BMW,SUV,hybrid,automatic,Northeast,independent_dealer,41626.865,44282.214
CAR-P-00247,2017,8.861,164603.089,18454.799,2.200,216.581,7.307,6.459,5,0,Toyota,hatchback,gasoline,automatic,Midwest,independent_dealer,20472.889,20336.380
CAR-P-01581,2024,1.579,25196.100,13748.072,2.213,235.375,9.124,9.403,4,0,Toyota,SUV,diesel,CVT,South,franchise_dealer,40803.156,43117.383
CAR-P-00640,2012,13.826,221516.175,16326.984,2.209,224.661,4.962,5.036,7,1,Honda,sedan,gasoline,CVT,South,independent_dealer,7916.899,8091.364
CAR-P-00472,2024,1.867,31650.477,15714.562,,274.512,6.773,7.774,1,1,BMW,hatchback,hybrid,CVT,Northeast,independent_dealer,40783.234,42682.310
CAR-P-00441,2021,4.458,103898.316,22572.624,2.162,236.252,7.879,7.128,2,0,Hyundai,hatchback,gasoline,automatic,West,franchise_dealer,31666.505,32957.532
CAR-P-00806,2019,6.839,160619.636,23349.500,1.211,160.523,7.387,5.268,3,0,Toyota,sedan,gasoline,CVT,Northeast,independent_dealer,20359.253,20157.515
CAR-P-00443,2017,8.413,85249.436,10299.385,2.273,232.933,7.239,7.544,2,0,Toyota,hatchback,gasoline,automatic,Northeast,private,23868.329,23948.027
CAR-P-01224,2018,7.147,108631.826,14514.245,2.271,243.431,8.435,9.271,3,0,Toyota,hatchback,gasoline,automatic,Northeast,independent_dealer,28819.501,30243.663
CAR-P-01448,2019,6.703,125231.024,18003.589,2.132,227.293,5.136,3.839,2,1,Honda,sedan,gasoline,automatic,South,franchise_dealer,18272.908,18044.226
CAR-P-00261,2024,1.947,28420.468,12540.769,2.166,212.534,8.762,8.236,3,0,Hyundai,hatchback,gasoline,automatic,West,private,30085.606,30766.674
CAR-P-00996,2019,6.312,133758.418,21305.493,1.847,164.414,9.062,8.389,3,0,Hyundai,sedan,diesel,automatic,Midwest,independent_dealer,20829.976,21203.726
CAR-P-01090,2003,22.000,268298.657,12479.461,2.029,187.014,5.144,5.840,5,0,Toyota,SUV,hybrid,manual,West,franchise_dealer,7556.235,7487.012
CAR-P-01019,2018,7.511,146009.446,20688.690,3.965,398.927,7.369,5.187,3,0,Kia,pickup,gasoline,CVT,West,private,,34077.828
CAR-P-01720,2017,8.767,146338.159,16138.774,2.635,245.746,8.495,10.000,3,0,Ford,hatchback,gasoline,manual,Midwest,franchise_dealer,20954.226,21804.779
CAR-P-00849,2017,8.568,149020.117,17295.054,2.171,273.878,5.583,5.891,4,1,Mercedes,SUV,diesel,CVT,South,independent_dealer,25787.383,26212.738
CAR-P-01743,2013,12.223,176801.162,15249.178,2.600,254.459,6.477,3.922,1,0,Kia,pickup,hybrid,manual,West,independent_dealer,24902.249,25207.987
CAR-P-01356,2017,8.054,164515.682,21136.359,2.451,254.097,7.976,7.086,2,0,Honda,hatchback,hybrid,automatic,South,private,25573.126,26085.078
CAR-P-01218,2009,16.608,209531.355,12391.192,2.636,289.657,4.420,4.913,3,2,Toyota,sedan,gasoline,automatic,West,franchise_dealer,10255.286,10722.013
CAR-P-01127,2024,1.762,32790.323,19010.661,1.870,214.317,8.209,8.891,1,1,Toyota,sedan,gasoline,automatic,Northeast,franchise_dealer,33318.613,34103.203
CAR-P-01736,2022,3.322,63960.449,18852.101,2.959,316.288,7.583,8.251,1,0,Ford,SUV,gasoline,CVT,South,independent_dealer,36126.092,38713.871
CAR-P-01554,2024,1.928,24566.165,11304.281,1.590,201.573,8.686,8.127,2,0,BMW,SUV,electric,manual,Midwest,independent_dealer,40454.770,41282.565
CAR-P-01623,2025,0.834,10599.264,18544.491,2.163,208.203,7.863,7.623,3,0,Kia,sedan,gasoline,automatic,West,private,30057.091,30998.726
CAR-P-01518,2012,13.182,201683.855,15309.695,2.501,379.650,6.075,6.563,1,0,Tesla,hatchback,gasoline,automatic,South,independent_dealer,29289.459,30882.451
CAR-P-00389,2018,7.717,96872.094,12831.403,2.585,261.443,7.407,7.955,4,0,Toyota,SUV,gasoline,automatic,Midwest,franchise_dealer,29638.355,29886.472
CAR-P-01081,2025,0.937,20476.291,19764.502,2.333,222.617,9.556,9.700,1,0,Kia,sedan,gasoline,CVT,South,franchise_dealer,35698.754,37059.763
CAR-P-00280,2023,2.002,50458.136,25940.402,2.410,240.812,10.000,8.843,1,0,Ford,sedan,gasoline,manual,Midwest,franchise_dealer,36921.854,39832.087
CAR-P-00940,2022,3.967,68054.524,17142.312,2.117,244.239,8.331,8.325,1,0,Toyota,SUV,gasoline,automatic,Northeast,independent_dealer,39523.758,41002.856
CAR-P-01344,2015,10.293,186752.024,18081.614,2.455,207.243,7.980,8.009,5,0,Toyota,SUV,gasoline,CVT,West,independent_dealer,18029.094,18716.880
CAR-P-00227,2018,7.244,94367.486,13022.868,3.272,331.479,7.946,6.538,3,0,Ford,pickup,gasoline,CVT,Northeast,private,32829.650,33520.738
CAR-P-01315,2018,7.289,131166.291,17664.443,2.527,283.256,8.174,7.637,3,1,Kia,hatchback,diesel,automatic,South,private,23374.744,24570.650
CAR-P-01612,2024,1.520,15817.662,9634.968,2.373,251.512,,,1,1,Hyundai,SUV,,manual,South,private,31381.100,33760.333
CAR-P-01658,2022,3.697,44304.309,11089.741,1.392,158.055,8.674,6.604,1,0,Toyota,SUV,electric,manual,South,private,33808.924,35477.138
CAR-P-00027,2020,5.481,105169.804,18544.943,,316.368,6.821,,2,2,Honda,sedan,gasoline,automatic,West,independent_dealer,32450.333,33482.712
CAR-P-01597,2003,22.000,291920.000,12932.759,2.167,293.193,6.126,4.288,7,0,Mercedes,sedan,hybrid,CVT,West,private,9750.324,9078.133
CAR-P-00260,2020,5.921,46346.944,7930.573,3.181,334.374,7.363,,4,0,Hyundai,hatchback,gasoline,manual,South,franchise_dealer,29831.631,29705.989
CAR-P-01770,2024,1.369,19404.852,15048.795,2.302,224.999,8.954,7.478,1,0,Hyundai,hatchback,gasoline,automatic,West,franchise_dealer,39101.381,40672.398
CAR-P-00789,2019,6.317,113082.084,16561.284,2.649,256.355,8.574,7.336,4,0,Subaru,sedan,gasoline,CVT,South,franchise_dealer,31002.410,32734.910
CAR-P-01646,2022,3.239,56121.260,16999.465,2.353,212.121,,8.117,1,0,Ford,SUV,gasoline,,West,franchise_dealer,34045.241,35003.521
CAR-P-00424,2021,4.338,68429.720,14594.955,0.736,165.270,8.535,9.251,2,0,Mercedes,SUV,electric,CVT,South,franchise_dealer,,44741.535
CAR-P-00328,2008,17.445,2173940.067,15234.967,2.989,313.461,4.027,4.564,4,1,Ford,SUV,diesel,automatic,Midwest,franchise_dealer,1276.787,1200.000
CAR-P-01089,2019,6.071,123830.537,19771.261,2.217,217.685,8.249,,3,0,Toyota,sedan,gasoline,CVT,South,private,23446.746,23819.266
CAR-P-01676,2020,5.890,97137.403,15762.494,1.621,201.150,7.506,9.177,2,1,Toyota,sedan,gasoline,automatic,Midwest,independent_dealer,22506.880,23297.428
CAR-P-01578,2024,1.761,30184.285,16594.484,0.700,123.391,8.913,,2,0,Subaru,SUV,electric,automatic,Midwest,private,35860.245,36773.043
CAR-P-01614,2022,3.009,45759.597,16956.309,2.381,267.947,10.000,8.294,2,0,Mercedes,hatchback,diesel,automatic,West,franchise_dealer,44544.988,47365.131
CAR-P-00237,2019,6.278,167477.437,26170.769,2.671,263.434,7.331,,4,0,Hyundai,SUV,gasoline,automatic,West,franchise_dealer,25969.624,27192.073
CAR-P-00836,2024,1.815,20903.310,10160.378,1.620,214.979,8.775,7.368,2,0,Honda,sedan,hybrid,automatic,Northeast,franchise_dealer,36884.158,38164.903
CAR-P-00708,2022,3.260,38429.606,11596.226,1.202,159.890,8.628,8.532,3,0,Ford,hatchback,diesel,manual,West,franchise_dealer,26787.818,27820.098
CAR-P-01310,2016,9.496,88877.066,9990.656,2.397,255.153,7.208,8.054,2,0,Toyota,sedan,diesel,automatic,South,independent_dealer,29031.137,30025.389
CAR-P-00922,2007,18.157,289212.339,15829.510,1.816,190.808,5.050,6.476,3,1,Honda,sedan,gasoline,automatic,South,franchise_dealer,2425.260,1200.000
CAR-P-00729,2024,1.355,12493.458,12006.378,1.988,215.599,8.476,8.469,1,0,Kia,hatchback,hybrid,automatic,West,franchise_dealer,33527.309,35719.369
CAR-P-01049,2022,3.646,52628.333,15374.573,1.844,193.507,8.236,8.216,4,0,Toyota,sedan,gasoline,automatic,South,private,25453.553,27097.048
CAR-P-01774,2012,13.339,304084.095,22445.735,1.982,201.541,5.602,5.185,4,0,Honda,SUV,gasoline,automatic,Midwest,franchise_dealer,5321.820,5063.769
CAR-P-00006,2011,14.645,125836.546,9055.194,,215.788,5.656,6.058,3,0,Ford,hatchback,hybrid,automatic,West,independent_dealer,14567.237,14701.003
CAR-P-01046,2017,8.147,195627.754,23458.437,2.242,282.979,8.049,,3,0,BMW,hatchback,,manual,West,private,33449.991,34933.583
CAR-P-00277,2020,5.257,96591.555,18254.294,2.971,292.397,7.348,5.928,1,0,Ford,pickup,diesel,automatic,Northeast,independent_dealer,52807.779,54522.702
CAR-P-01771,2018,7.573,61880.847,8666.897,3.196,303.086,7.336,,3,1,Kia,pickup,hybrid,,West,private,28178.209,29256.604
CAR-P-01249,2009,16.677,328879.481,19421.950,1.554,182.971,5.817,8.193,3,0,Hyundai,hatchback,gasoline,automatic,Midwest,franchise_dealer,1993.249,1200.000
CAR-P-01305,2024,1.293,29414.969,17827.783,,232.247,8.267,10.000,1,0,Ford,SUV,gasoline,CVT,Midwest,private,37298.127,38073.212
CAR-P-00451,2019,6.333,102814.666,16671.394,1.502,158.977,7.397,7.719,2,0,Toyota,hatchback,hybrid,automatic,Midwest,independent_dealer,25827.406,26722.547
CAR-P-01446,2010,15.398,308513.714,20034.925,1.246,164.142,5.001,,1,0,Kia,hatchback,electric,automatic,South,private,1025.591,1200.000
CAR-P-01486,2021,4.317,59526.404,15675.906,2.436,230.263,8.624,7.109,1,0,Ford,SUV,hybrid,CVT,West,private,34307.599,36472.370
CAR-P-00366,2022,3.867,60787.907,15197.201,2.328,227.411,,7.161,2,1,Subaru,sedan,diesel,automatic,Midwest,independent_dealer,27522.513,28614.475
CAR-P-01055,2008,17.932,203874.658,11292.940,2.612,247.516,6.174,,6,0,Kia,pickup,diesel,CVT,Midwest,private,,8534.512
CAR-P-00187,2014,11.718,196034.529,16062.431,2.252,235.065,8.296,8.554,3,0,Hyundai,hatchback,gasoline,manual,West,independent_dealer,11644.028,11648.409
CAR-P-00330,2023,2.955,659959.828,23457.809,1.928,222.637,,9.129,2,0,Hyundai,sedan,gasoline,automatic,Midwest,private,,28312.627
CAR-P-00495,2017,8.048,40414.905,6075.818,2.050,189.342,7.397,9.316,4,0,Honda,pickup,hybrid,automatic,South,private,,27423.088
CAR-P-01279,2021,4.729,87441.348,18680.530,1.812,226.179,7.736,7.095,4,0,Toyota,pickup,electric,automatic,South,private,33124.957,34518.819
CAR-P-00702,2021,4.071,49813.852,11991.741,2.344,250.840,,7.759,1,0,Toyota,SUV,hybrid,automatic,West,independent_dealer,40245.193,42258.274
CAR-P-00365,2018,7.413,108085.579,13790.822,1.714,196.561,7.593,6.509,4,0,Ford,hatchback,gasoline,automatic,West,franchise_dealer,18688.263,19152.027
CAR-P-00493,2024,1.312,20858.436,18664.882,2.704,280.350,8.478,9.161,1,0,BMW,sedan,gasoline,automatic,Midwest,independent_dealer,44419.737,45962.700
CAR-P-00435,2020,5.065,75443.815,16230.317,0.973,116.484,7.991,7.409,4,0,Honda,sedan,electric,automatic,Midwest,independent_dealer,26311.808,26591.836
CAR-P-01406,2020,5.192,102256.617,19634.284,3.384,345.684,8.518,6.866,2,0,BMW,pickup,gasoline,automatic,South,franchise_dealer,,47268.315
CAR-P-00222,2023,2.493,31066.516,12654.827,3.506,363.310,7.417,6.856,4,0,Toyota,pickup,gasoline,automatic,Midwest,franchise_dealer,44176.459,46243.792
CAR-P-01751,2020,5.828,39602.695,7792.625,1.217,143.330,7.690,7.529,1,0,Subaru,pickup,electric,CVT,South,independent_dealer,30936.258,32114.371
CAR-P-00928,2024,1.940,30139.227,16163.790,1.270,144.928,7.589,8.602,2,1,Honda,SUV,electric,automatic,South,franchise_dealer,51682.200,53952.220
CAR-P-00971,2021,4.258,61133.328,15779.647,2.259,257.463,7.668,8.468,2,0,Honda,SUV,diesel,automatic,Midwest,franchise_dealer,34796.521,35532.742
CAR-P-00720,2009,16.870,202298.749,11772.295,1.686,161.115,7.386,6.882,4,0,Kia,sedan,gasoline,automatic,West,independent_dealer,,5632.181
CAR-P-01409,2010,15.080,319847.251,21522.748,2.522,276.392,6.823,6.297,5,0,BMW,SUV,hybrid,CVT,West,franchise_dealer,,18843.209
CAR-P-00960,2022,3.846,70879.686,18753.494,1.923,344.095,8.974,9.549,1,0,Tesla,sedan,gasoline,CVT,West,independent_dealer,48916.501,50523.892
CAR-P-01371,2015,10.648,122175.664,11155.231,1.826,183.927,,5.867,6,0,Ford,SUV,gasoline,automatic,Midwest,private,9972.058,10399.228
CAR-P-00967,2022,3.516,64154.243,16188.324,2.658,255.145,,5.238,4,0,Hyundai,pickup,gasoline,CVT,South,private,,31679.702
CAR-P-00296,2020,5.149,88190.752,18728.576,1.808,170.909,,10.000,3,0,Toyota,hatchback,diesel,automatic,Midwest,independent_dealer,27545.165,28827.067
CAR-P-00638,2014,11.011,77415.753,6910.758,2.629,257.320,8.050,6.471,6,0,Kia,SUV,hybrid,CVT,South,private,22125.182,22633.272
CAR-P-00355,2022,3.738,76520.810,21367.144,1.621,150.793,8.039,8.611,2,0,Toyota,SUV,gasoline,automatic,West,franchise_dealer,31218.142,31893.388
CAR-P-01538,2021,4.935,49156.947,10399.670,2.152,235.395,8.017,4.918,1,0,Ford,pickup,gasoline,manual,Northeast,franchise_dealer,29208.366,31291.417
CAR-P-00490,2016,10.000,139053.631,14161.363,2.048,253.221,7.855,7.970,2,0,BMW,hatchback,hybrid,automatic,Midwest,independent_dealer,31234.950,32096.879
CAR-P-00333,2018,7.355,62921.089,8257.775,3.194,343.109,8.256,9.492,2,0,Honda,pickup,gasoline,automatic,Midwest,franchise_dealer,57922.639,60463.217
CAR-P-00779,2019,6.186,132232.740,20468.463,2.173,235.977,7.172,7.446,3,0,Toyota,sedan,hybrid,automatic,Midwest,franchise_dealer,27720.819,29147.160
CAR-P-00624,2017,8.621,150939.915,18513.684,1.130,292.900,6.983,6.463,4,1,Tesla,hatchback,gasoline,automatic,West,independent_dealer,31333.584,32537.711
CAR-P-00845,2021,4.030,54990.703,13224.212,1.516,137.760,8.713,7.664,1,0,Hyundai,hatchback,hybrid,automatic,Midwest,franchise_dealer,24140.786,25050.389
CAR-P-00632,2022,3.330,36474.566,10449.109,2.255,237.939,9.377,10.000,2,0,Mercedes,sedan,diesel,automatic,South,franchise_dealer,,45415.756
CAR-P-01472,2023,2.635,38482.799,14116.247,1.557,192.270,8.113,7.613,2,0,Mercedes,hatchback,gasoline,automatic,Midwest,franchise_dealer,34177.125,35720.191
CAR-P-00017,2019,6.681,113993.005,17781.954,3.209,329.439,7.044,5.742,2,1,Honda,pickup,hybrid,automatic,South,franchise_dealer,35250.412,36557.016
CAR-P-01297,2011,14.577,231988.525,15645.651,1.879,235.571,5.931,,2,1,Toyota,sedan,diesel,CVT,West,independent_dealer,,3560.924
CAR-P-01277,2025,0.556,10284.432,12626.306,2.505,221.885,,8.819,1,0,BMW,SUV,gasoline,automatic,Northeast,private,44723.153,46331.305
CAR-P-00989,2021,4.554,80986.776,17086.809,1.033,100.660,9.352,,2,0,Kia,hatchback,electric,CVT,South,franchise_dealer,29777.099,30434.678
CAR-P-01520,2021,4.251,80880.176,18819.099,2.512,245.035,8.949,8.504,1,0,Toyota,pickup,hybrid,automatic,Midwest,franchise_dealer,40564.134,42340.125
CAR-P-01123,2024,1.018,4582.759,5517.521,3.175,292.457,8.592,10.000,2,0,Honda,SUV,gasoline,automatic,West,franchise_dealer,43478.085,44825.918
CAR-P-01456,2023,2.197,58560.051,25049.912,2.189,234.665,7.795,9.109,1,0,Toyota,pickup,gasoline,automatic,South,independent_dealer,34252.704,36199.149
CAR-P-00700,2021,4.149,42948.213,10061.255,2.362,271.872,8.378,8.574,1,0,Kia,coupe,gasoline,manual,West,independent_dealer,38339.190,39635.079
CAR-P-01383,2009,16.807,189604.001,11246.600,1.978,230.070,4.057,4.236,4,3,Kia,sedan,gasoline,manual,West,independent_dealer,2342.096,1200.000
CAR-P-01517,2013,12.636,204684.084,16331.936,,280.763,6.336,5.254,4,0,Toyota,sedan,gasoline,manual,Northeast,independent_dealer,15574.558,15744.533
CAR-P-00217,2022,3.037,46596.951,18209.653,3.152,337.651,9.634,8.023,2,0,BMW,pickup,hybrid,automatic,Northeast,independent_dealer,50686.412,53346.076
CAR-P-01382,2019,6.710,56736.696,8159.330,2.250,257.688,7.502,8.306,5,0,Honda,sedan,hybrid,automatic,Midwest,private,26163.928,27207.730
CAR-P-00269,2021,4.293,36580.449,9983.031,2.328,233.177,6.887,8.192,1,0,Honda,sedan,gasoline,CVT,Midwest,franchise_dealer,28465.253,29392.357
CAR-P-00871,2022,3.985,76154.269,17107.120,2.344,230.821,8.770,9.363,3,0,Honda,SUV,gasoline,automatic,South,independent_dealer,32407.183,32674.229
CAR-P-01256,2019,6.895,86464.994,12759.431,3.502,348.414,7.213,7.609,5,0,Kia,pickup,gasoline,CVT,West,franchise_dealer,32038.792,34162.056
CAR-P-00078,2020,5.621,100009.621,17389.174,1.566,166.675,7.766,8.908,2,0,Ford,sedan,gasoline,automatic,Midwest,franchise_dealer,23845.141,24770.633
CAR-P-01582,2019,6.985,123827.952,17425.106,2.109,240.243,8.003,,3,0,Mercedes,SUV,hybrid,automatic,Midwest,independent_dealer,34811.775,36027.916
CAR-P-00775,2004,21.410,398758.442,18270.751,,314.564,5.218,6.712,6,1,Tesla,SUV,gasoline,automatic,West,independent_dealer,6960.965,6198.655
CAR-P-01699,2022,3.532,66861.016,17690.254,1.805,189.218,7.462,8.470,1,0,Ford,sedan,hybrid,,Midwest,private,28429.001,29106.013
CAR-P-00715,2017,8.796,90861.061,10571.540,,292.585,7.481,8.868,3,1,Subaru,pickup,hybrid,automatic,Midwest,independent_dealer,33030.836,33821.511
CAR-P-00529,2024,1.324,24567.415,13239.077,3.190,291.853,8.193,9.023,1,0,Honda,pickup,gasoline,automatic,West,franchise_dealer,46457.338,48524.914
CAR-P-01016,2014,11.487,181547.166,15263.887,2.660,272.235,4.890,5.844,1,1,Honda,SUV,gasoline,CVT,South,franchise_dealer,19243.349,18997.928
CAR-P-01451,2015,10.108,194104.619,18580.378,,197.124,6.841,6.409,2,0,Mercedes,sedan,hybrid,automatic,West,franchise_dealer,23427.009,24615.644
CAR-P-01348,2016,9.610,117377.592,12186.669,1.983,219.811,7.318,6.771,5,0,BMW,hatchback,hybrid,manual,Midwest,independent_dealer,21455.358,21952.204
CAR-P-01756,2023,2.604,41089.253,16366.062,1.758,164.717,,7.151,1,0,Ford,hatchback,hybrid,automatic,South,independent_dealer,30251.119,30875.394
CAR-P-01246,2022,3.293,46825.476,14412.842,1.818,225.976,7.683,7.426,1,0,Mercedes,sedan,hybrid,CVT,West,independent_dealer,40629.884,42103.387
CAR-P-01617,2024,1.181,13649.261,15425.560,2.991,266.039,9.152,10.000,1,0,Toyota,pickup,hybrid,automatic,Northeast,independent_dealer,48892.887,50526.422
CAR-P-01294,2023,2.196,36426.260,17086.978,2.854,265.887,7.963,8.588,2,1,Ford,SUV,hybrid,CVT,Northeast,private,32023.124,34142.798
CAR-P-01566,2016,9.233,109065.102,11619.960,3.305,389.528,7.053,5.412,3,0,Mercedes,coupe,gasoline,automatic,West,independent_dealer,40467.277,42703.988
CAR-P-00470,2019,6.016,72584.724,12009.513,,194.190,6.598,6.288,3,0,Hyundai,sedan,gasoline,automatic,South,independent_dealer,21688.347,21804.309
CAR-P-00368,2020,5.077,69265.008,12935.890,1.658,194.852,7.801,8.827,3,0,Kia,hatchback,gasoline,CVT,West,private,26286.603,26965.823
CAR-P-00885,2021,4.845,61072.201,12556.310,,267.313,6.902,8.127,2,0,Hyundai,sedan,gasoline,automatic,Midwest,franchise_dealer,,33113.409
CAR-P-01630,2007,18.384,220592.469,11968.817,2.056,213.318,5.251,4.546,3,0,Ford,sedan,gasoline,automatic,Northeast,franchise_dealer,1503.113,1200.000
CAR-P-01722,2016,9.505,221812.632,22534.992,3.169,292.673,,8.567,2,1,Toyota,pickup,gasoline,manual,West,franchise_dealer,28639.447,29624.576
CAR-P-01601,2012,13.926,106331.841,7614.612,2.863,325.682,6.564,7.984,5,0,Toyota,coupe,hybrid,CVT,Midwest,franchise_dealer,28243.399,29229.785
CAR-P-01372,2020,5.019,41126.936,8479.517,,125.650,8.245,7.884,4,0,Subaru,sedan,gasoline,automatic,South,independent_dealer,20269.942,21045.393
CAR-P-00854,2017,8.498,50591.154,6696.842,0.700,228.429,7.560,8.245,3,0,Tesla,sedan,electric,manual,Midwest,private,33419.601,34310.598
CAR-P-00617,2007,18.200,237827.811,13110.182,,240.599,5.897,5.050,3,0,Kia,sedan,gasoline,automatic,West,franchise_dealer,3958.001,4138.523
CAR-P-00935,2018,7.002,106733.306,15307.629,2.220,196.172,8.176,6.710,6,0,Subaru,sedan,gasoline,manual,South,private,21438.544,21322.934
CAR-P-01760,2015,10.858,192898.187,16904.440,2.436,220.647,6.314,7.011,1,0,Toyota,pickup,gasoline,automatic,Northeast,independent_dealer,22757.382,24561.626
CAR-P-01540,2010,15.178,325861.717,21121.249,,394.530,5.346,,6,0,Tesla,hatchback,diesel,automatic,West,private,14536.206,15900.365
CAR-P-00626,2023,2.367,36145.058,13598.692,1.476,155.943,8.756,8.572,2,0,Toyota,sedan,gasoline,automatic,West,independent_dealer,33695.519,35008.134
CAR-P-01227,2019,6.844,64281.500,9051.916,2.744,301.587,8.408,,4,0,Toyota,SUV,hybrid,automatic,West,private,38016.379,40797.551
CAR-P-01339,2023,2.358,32582.167,14014.101,0.828,153.600,,10.000,1,0,BMW,sedan,electric,automatic,South,franchise_dealer,42435.331,44179.638
CAR-P-00962,2015,10.863,192938.362,17496.583,2.014,216.941,7.453,6.786,2,1,Toyota,SUV,hybrid,automatic,Northeast,private,20104.062,20410.256
CAR-P-01560,2016,9.365,166623.546,17669.905,1.614,164.911,6.898,4.668,4,0,Honda,SUV,gasoline,automatic,Midwest,independent_dealer,13932.323,13303.598
CAR-P-00469,2020,5.543,89239.451,16862.584,1.102,131.355,,8.695,2,1,Hyundai,hatchback,hybrid,manual,Northeast,private,18611.545,18962.011
CAR-P-00120,2020,5.082,83283.528,16813.591,2.435,232.522,7.048,6.794,3,0,Ford,SUV,gasoline,automatic,West,franchise_dealer,29195.755,30058.000
CAR-P-00117,2020,5.943,68584.179,11983.996,1.987,220.318,7.208,6.838,2,0,Honda,sedan,gasoline,automatic,Midwest,franchise_dealer,25468.320,26139.433
CAR-P-01258,2013,12.312,263210.627,21146.452,2.674,269.548,6.413,6.825,5,0,Hyundai,coupe,gasoline,CVT,West,franchise_dealer,14445.794,15123.144
CAR-P-01412,2021,4.279,75220.745,17364.258,3.365,337.692,8.188,9.486,3,1,Toyota,pickup,gasoline,automatic,West,franchise_dealer,62196.405,65662.839
CAR-P-00622,2023,2.282,29153.715,13030.946,2.778,261.087,7.484,7.453,3,0,Toyota,pickup,diesel,manual,South,independent_dealer,36549.295,38654.808
CAR-P-01621,2022,3.986,78370.951,19322.287,2.629,404.663,7.758,10.000,3,0,Tesla,SUV,gasoline,CVT,West,private,51902.976,53316.859
CAR-P-00516,2023,2.277,47909.640,20663.696,2.547,229.320,8.351,9.896,1,0,Ford,pickup,gasoline,automatic,Northeast,independent_dealer,40955.034,42189.438
CAR-P-00846,2017,8.094,144155.901,18206.958,2.072,238.251,7.460,6.790,3,0,BMW,sedan,hybrid,automatic,West,private,30939.791,31821.192
CAR-P-01360,2018,7.689,100260.982,12877.534,2.018,214.870,7.569,6.577,1,0,Toyota,SUV,gasoline,automatic,West,independent_dealer,28240.097,28711.368
CAR-P-01403,2021,4.997,61418.495,12238.107,2.655,291.698,8.886,10.000,2,0,Mercedes,sedan,gasoline,automatic,West,franchise_dealer,,50135.897
CAR-P-00394,2022,3.659,52815.246,13414.437,2.046,187.377,7.758,7.939,1,0,Hyundai,SUV,hybrid,,West,independent_dealer,34144.784,35991.766
CAR-P-00460,2018,7.821,107117.588,14628.252,2.625,235.324,,6.075,1,1,Toyota,SUV,hybrid,automatic,Northeast,franchise_dealer,25129.465,26357.138
CAR-P-01080,2021,4.170,52234.214,11722.409,1.815,182.313,8.788,8.606,1,0,Kia,sedan,gasoline,manual,Midwest,independent_dealer,23634.537,24889.190
CAR-P-00299,2012,13.713,159419.368,12319.698,2.856,331.774,6.581,7.399,3,0,Mercedes,SUV,gasoline,automatic,Northeast,franchise_dealer,25393.240,26398.320
CAR-P-00794,2016,9.114,153187.598,16954.883,,186.995,6.053,,3,0,Hyundai,sedan,diesel,CVT,Northeast,private,12362.673,12443.136
CAR-P-00530,2016,9.729,122794.363,13226.794,2.449,215.286,9.621,10.000,4,0,Honda,SUV,gasoline,manual,Midwest,independent_dealer,24663.559,25344.404
CAR-P-01565,2007,18.019,253881.957,13825.603,2.857,299.957,,6.326,4,0,Mercedes,pickup,gasoline,automatic,South,franchise_dealer,13244.038,13801.143
CAR-P-01358,2024,1.534,25067.715,17063.723,1.891,281.018,9.083,7.961,1,0,BMW,sedan,hybrid,automatic,Midwest,independent_dealer,46475.400,48340.143
CAR-P-00067,2021,4.643,60017.037,13326.572,1.748,198.332,7.993,,4,0,Kia,SUV,gasoline,automatic,Midwest,franchise_dealer,21784.552,23294.603
CAR-P-00087,2006,19.168,415394.150,21643.540,,158.108,6.157,6.710,9,0,Hyundai,sedan,gasoline,automatic,Northeast,independent_dealer,1034.712,1200.000
CAR-P-00457,2012,13.709,257666.845,18578.111,3.090,318.264,5.798,6.806,5,0,Toyota,pickup,gasoline,,South,private,17286.431,17968.563
CAR-P-00174,2018,7.993,153235.970,19128.710,2.069,276.660,6.937,8.953,1,0,Mercedes,SUV,gasoline,automatic,West,private,,41063.469
CAR-P-01705,2019,6.583,93100.163,13205.349,2.120,238.853,7.426,,4,1,Subaru,sedan,gasoline,automatic,Midwest,independent_dealer,21993.466,22879.326
CAR-P-00408,2015,10.320,223633.421,21224.024,,174.111,6.142,6.292,2,0,Subaru,sedan,gasoline,CVT,Midwest,private,7048.616,6831.372
CAR-P-00694,2023,2.520,21016.429,10053.457,0.869,132.442,8.392,7.509,2,1,Honda,SUV,electric,CVT,West,independent_dealer,27886.337,28601.422
CAR-P-00867,2017,8.229,148098.545,18062.597,2.145,256.160,6.915,6.321,1,0,Mercedes,sedan,hybrid,manual,Midwest,franchise_dealer,33907.929,35339.366
CAR-P-00240,2012,13.443,125573.160,8891.604,1.822,210.077,4.518,,4,0,Toyota,hatchback,gasoline,automatic,Northeast,franchise_dealer,,7540.700
CAR-P-00407,2015,10.298,172857.537,16348.036,,210.370,6.354,5.760,4,0,Toyota,sedan,hybrid,manual,South,franchise_dealer,,16092.487
CAR-P-00688,2012,13.812,257203.938,18603.349,2.880,302.087,6.056,,2,0,Kia,SUV,hybrid,automatic,Northeast,franchise_dealer,,23743.948
CAR-P-00757,2022,3.691,78939.319,22489.326,,270.714,7.524,7.387,2,0,Toyota,pickup,gasoline,automatic,Midwest,private,,40594.731
CAR-P-00449,2011,14.231,169662.686,11952.118,3.027,276.200,5.039,6.528,3,0,Toyota,SUV,gasoline,automatic,Northeast,private,17301.075,17776.146
CAR-P-00420,2021,4.332,47242.597,10767.423,2.496,385.915,7.758,,1,0,Tesla,SUV,diesel,CVT,South,franchise_dealer,52894.250,55253.045
CAR-P-01595,2011,14.405,190756.250,13081.940,1.314,184.634,4.146,4.700,4,2,Ford,coupe,hybrid,manual,West,franchise_dealer,2565.029,1200.000
CAR-P-01160,2020,5.175,83382.528,16152.491,1.761,205.061,,7.875,1,0,Kia,sedan,gasoline,,South,franchise_dealer,27473.416,28036.058
CAR-P-01729,2010,15.140,159782.139,10435.138,,239.529,5.764,5.767,6,0,Honda,SUV,,CVT,West,private,12805.929,12841.396
CAR-P-01065,2019,6.577,130351.274,19331.596,2.484,238.188,,7.630,2,0,Honda,sedan,gasoline,automatic,West,independent_dealer,30970.654,31490.353
CAR-P-00748,2020,5.686,66143.459,11474.038,2.900,304.473,7.494,8.069,4,0,Honda,sedan,gasoline,automatic,West,private,32829.041,33839.187
CAR-P-01020,2019,6.999,106500.948,15243.279,2.393,288.855,7.209,7.470,2,0,Mercedes,SUV,gasoline,automatic,South,private,36539.056,38156.796
CAR-P-01681,2023,2.952,36952.801,11849.748,1.942,225.951,8.267,7.311,2,0,Honda,sedan,gasoline,manual,Midwest,franchise_dealer,36148.554,37209.179
CAR-P-00735,2018,7.643,124266.492,16072.976,2.590,244.116,7.696,8.244,1,0,Ford,sedan,gasoline,CVT,Midwest,franchise_dealer,24477.801,24514.283
CAR-P-00943,2023,2.936,35247.731,13343.981,2.567,262.081,9.136,,2,0,BMW,sedan,gasoline,automatic,West,franchise_dealer,41850.235,43246.421
CAR-P-00343,2021,4.258,42361.208,10222.278,2.661,255.883,8.181,5.770,1,0,Subaru,pickup,gasoline,manual,Northeast,private,31642.033,32065.046
CAR-P-01237,2022,3.922,96561.451,24383.911,2.886,266.541,7.904,8.712,3,1,Subaru,hatchback,gasoline,automatic,Northeast,private,,28254.523
CAR-P-00861,2019,6.384,52123.343,7227.339,2.288,251.506,7.173,7.282,3,0,BMW,SUV,gasoline,automatic,South,private,33451.290,34971.541
CAR-P-01164,2022,3.645,76068.993,19812.205,1.990,204.684,7.660,8.504,3,0,Subaru,sedan,gasoline,automatic,West,franchise_dealer,28361.011,29919.406
CAR-P-00732,2018,7.607,108494.999,13723.867,0.733,149.988,6.882,7.140,4,0,Hyundai,coupe,gasoline,automatic,Midwest,private,17928.811,18094.189
CAR-P-01452,2023,2.569,27875.572,10331.878,2.308,221.429,8.174,7.402,1,0,Honda,SUV,gasoline,,South,franchise_dealer,35700.433,36832.908
CAR-P-01285,2016,9.337,140997.553,15625.052,,214.502,7.786,9.232,5,0,Kia,hatchback,gasoline,automatic,West,private,21501.670,22289.176
CAR-P-00288,2006,19.367,286287.004,15160.859,0.700,123.559,5.036,4.819,5,1,BMW,hatchback,,automatic,West,independent_dealer,1976.556,1200.000
CAR-P-00281,2003,22.000,264409.905,12054.079,,205.298,3.347,4.626,3,2,Toyota,SUV,gasoline,automatic,West,franchise_dealer,2248.480,1200.000
CAR-P-01693,2025,0.844,5990.055,18170.780,3.195,301.559,9.485,8.781,2,0,Toyota,pickup,gasoline,CVT,Northeast,franchise_dealer,44131.549,46602.625
CAR-P-00326,2019,6.127,94038.851,15018.643,2.269,230.803,8.073,7.183,1,0,Hyundai,SUV,gasoline,manual,Northeast,franchise_dealer,31142.963,30635.796
CAR-P-00069,2020,5.528,103728.809,19208.618,1.787,185.507,8.139,7.620,5,0,Toyota,hatchback,hybrid,automatic,Northeast,independent_dealer,27274.446,28428.842
CAR-P-01781,2013,12.859,108914.140,8477.544,3.072,303.848,,,2,1,Kia,pickup,diesel,automatic,Midwest,franchise_dealer,26044.671,26465.215
CAR-P-01530,2020,5.250,125435.930,22787.004,,309.565,7.484,7.035,1,0,Mercedes,sedan,gasoline,CVT,West,independent_dealer,40783.707,42213.426
CAR-P-00855,2023,2.279,34872.730,14702.937,2.845,416.459,8.035,,2,1,Tesla,SUV,gasoline,manual,South,franchise_dealer,50602.571,52283.566
CAR-P-01103,2012,13.656,231307.392,16815.353,1.575,175.327,7.492,6.850,4,0,Subaru,hatchback,gasoline,automatic,West,franchise_dealer,10491.816,11084.476
CAR-P-00447,2016,9.506,92139.977,10003.575,0.959,123.492,6.845,4.709,5,0,Honda,sedan,electric,automatic,Midwest,independent_dealer,16145.212,16024.373
CAR-P-01298,2021,4.853,54534.776,12077.717,2.102,224.552,7.992,9.069,1,1,Ford,hatchback,gasoline,automatic,West,independent_dealer,28039.581,29494.969
CAR-P-00367,2021,4.487,76549.453,17145.146,2.496,239.226,7.029,5.665,1,1,Hyundai,sedan,hybrid,automatic,West,independent_dealer,28090.848,28986.327
CAR-P-01309,2018,7.654,105933.186,14905.044,2.356,239.030,6.531,8.920,8,1,Ford,sedan,gasoline,manual,Northeast,private,13107.194,13463.404
CAR-P-00334,2024,1.070,16793.163,7403.186,2.222,264.685,9.569,8.800,1,0,Toyota,coupe,hybrid,automatic,Midwest,franchise_dealer,49366.917,52123.758
CAR-P-01241,2015,10.415,95240.522,9339.414,2.333,259.878,7.432,5.291,8,1,Hyundai,hatchback,gasoline,CVT,Midwest,private,14112.120,14408.347
CAR-P-00057,2020,5.365,128654.053,22573.881,3.328,341.560,8.580,7.751,4,0,BMW,SUV,hybrid,automatic,Northeast,franchise_dealer,46322.860,48512.199
CAR-P-01532,2023,2.147,25096.306,11426.478,2.236,274.978,9.348,,1,0,Ford,SUV,diesel,manual,South,independent_dealer,41994.508,43707.247
CAR-P-01312,2023,2.196,20019.474,11191.491,2.704,273.770,8.832,6.662,2,0,Toyota,sedan,gasoline,automatic,Midwest,independent_dealer,,41032.709
CAR-P-01590,2021,4.018,65140.250,16909.747,,378.166,9.304,,1,0,Mercedes,pickup,hybrid,automatic,Midwest,private,49288.844,51853.726
CAR-P-00431,2023,2.564,13485.850,6694.810,,310.632,9.016,9.764,1,0,Toyota,SUV,gasoline,CVT,Midwest,independent_dealer,42483.929,45000.460
CAR-P-00706,2014,11.869,226064.478,18877.806,1.746,198.818,4.921,5.908,2,3,Toyota,SUV,gasoline,automatic,West,private,4123.761,2552.282
CAR-P-01107,2022,3.616,72494.862,21021.224,2.098,223.121,8.557,10.000,1,0,Honda,sedan,gasoline,CVT,West,private,32372.353,33372.260
CAR-P-00851,2019,6.129,98963.372,15947.185,3.046,304.788,7.732,7.399,4,0,Honda,hatchback,gasoline,automatic,Northeast,independent_dealer,30617.903,31974.558
CAR-P-01238,2019,6.157,104706.852,17302.128,1.972,248.095,7.021,6.363,3,0,Mercedes,sedan,gasoline,automatic,South,franchise_dealer,30228.378,30829.622
CAR-P-00554,2013,12.617,195321.913,15388.514,2.356,240.233,5.716,6.014,5,0,Hyundai,hatchback,hybrid,automatic,Midwest,franchise_dealer,13907.190,13585.063
CAR-P-00045,2020,5.273,71329.147,13149.823,2.656,285.175,8.464,9.876,1,1,Toyota,SUV,gasoline,automatic,Midwest,private,37070.560,37969.587
CAR-P-00607,2013,12.417,49165.406,4119.047,1.001,131.004,7.161,4.959,2,1,Toyota,sedan,gasoline,CVT,Midwest,franchise_dealer,8697.708,8089.105
CAR-P-00879,2016,9.366,114060.036,11311.989,2.842,265.836,6.479,,3,0,Ford,SUV,gasoline,automatic,South,franchise_dealer,23886.276,24202.724
CAR-P-01278,2019,6.919,87827.767,12954.132,3.016,280.810,8.020,,1,0,Hyundai,SUV,gasoline,automatic,Northeast,private,31895.125,33112.230
CAR-P-00634,2013,12.786,121741.029,9505.692,,191.608,5.414,5.502,4,1,Toyota,hatchback,gasoline,manual,Northeast,private,3053.120,1956.577
CAR-P-00899,2021,4.748,79797.070,17956.884,1.521,151.853,8.119,8.271,2,0,Ford,SUV,electric,manual,West,franchise_dealer,35703.962,36231.249
CAR-P-00003,2023,2.935,41014.343,12531.451,2.625,270.129,7.916,8.775,1,0,Hyundai,SUV,gasoline,manual,West,franchise_dealer,,37229.314
CAR-P-01475,2023,2.196,19637.604,8785.192,3.456,363.338,7.796,6.702,1,0,BMW,SUV,gasoline,automatic,South,independent_dealer,49826.861,52474.063
CAR-P-00635,2022,3.034,61789.074,19194.816,2.511,280.551,9.559,,2,0,Mercedes,sedan,gasoline,CVT,South,franchise_dealer,45970.528,48343.808
CAR-P-01627,2008,17.581,233644.915,13243.039,1.331,154.887,6.580,7.236,7,0,Hyundai,hatchback,gasoline,,South,independent_dealer,876.951,1200.000
CAR-P-01620,2016,9.013,117138.285,13079.425,2.379,235.744,7.046,6.360,3,0,Ford,SUV,gasoline,automatic,Northeast,independent_dealer,26535.037,27984.936
CAR-P-00782,2011,14.561,106046.066,6971.875,2.428,244.748,,7.816,4,0,Subaru,SUV,hybrid,automatic,Northeast,independent_dealer,21175.101,21817.483
CAR-P-01014,2017,8.863,133293.009,14840.955,3.001,328.288,7.265,9.539,3,0,Subaru,SUV,gasoline,automatic,Northeast,private,32011.283,33197.995
CAR-P-00637,2020,5.044,72062.518,14866.332,2.920,277.151,8.397,6.516,2,0,Honda,SUV,gasoline,CVT,Northeast,independent_dealer,33528.528,34172.896
CAR-P-01605,2019,6.061,116002.635,19533.105,3.471,371.410,7.368,5.802,1,0,Mercedes,pickup,gasoline,automatic,West,independent_dealer,41819.219,43818.024
CAR-P-00170,2024,1.402,22955.920,14478.140,2.634,282.774,8.085,8.856,2,0,Subaru,hatchback,hybrid,automatic,Midwest,independent_dealer,,43220.095
CAR-P-01536,2021,4.436,68488.376,14452.692,2.297,231.980,8.702,7.853,4,0,Kia,hatchback,gasoline,CVT,South,private,25701.379,26903.218
CAR-P-01473,2018,7.378,125414.230,17435.263,2.497,271.491,7.501,7.706,2,0,Kia,sedan,gasoline,manual,Midwest,independent_dealer,,22275.353
CAR-P-00020,2012,13.659,170945.954,12333.955,2.497,227.903,5.305,,4,1,Ford,hatchback,gasoline,automatic,South,private,6844.387,6227.963
CAR-P-00112,2018,7.299,104252.756,14422.709,1.921,209.184,,8.815,4,0,Toyota,SUV,gasoline,automatic,West,private,25636.279,27204.981
CAR-P-00558,2021,4.722,78834.641,16971.069,2.367,226.656,8.712,10.000,3,0,Kia,SUV,gasoline,CVT,Northeast,franchise_dealer,31978.710,32781.558
CAR-P-01470,2018,7.891,154827.937,19246.384,,214.400,7.566,7.979,2,0,Toyota,SUV,diesel,CVT,West,independent_dealer,25904.078,25751.770
CAR-P-00047,2019,6.927,102606.210,14729.133,2.284,243.811,7.834,8.576,2,0,Hyundai,sedan,gasoline,manual,South,independent_dealer,23282.901,23970.596
CAR-P-00197,2019,6.290,102328.379,17226.087,1.521,160.877,8.215,,1,0,Toyota,sedan,gasoline,automatic,Midwest,independent_dealer,26585.668,26733.661
CAR-P-01204,2021,4.148,47095.571,12774.351,2.445,251.720,,4.253,1,0,Toyota,sedan,diesel,automatic,Northeast,franchise_dealer,33594.116,34567.858
CAR-P-01539,2014,11.674,179392.011,14995.226,2.393,224.495,5.541,5.658,2,1,Honda,SUV,gasoline,automatic,Northeast,franchise_dealer,17707.235,18143.911
CAR-P-01255,2020,5.018,118938.798,22955.328,2.311,230.655,8.789,10.000,5,1,Kia,sedan,gasoline,manual,Northeast,independent_dealer,22384.209,23092.162
CAR-P-01270,2014,11.585,147092.491,12287.216,,122.263,8.117,7.551,5,0,Toyota,sedan,gasoline,manual,Midwest,independent_dealer,7281.953,7357.798
CAR-P-01634,2014,11.184,148874.154,13100.397,3.707,359.330,7.269,,3,0,Toyota,SUV,gasoline,automatic,West,franchise_dealer,32823.846,34288.961
CAR-P-01487,2020,5.513,103963.419,19568.499,2.417,286.056,7.042,8.730,4,0,Mercedes,sedan,hybrid,automatic,Midwest,independent_dealer,37409.124,37708.377
CAR-P-01172,2015,10.397,104126.203,10720.456,2.655,275.996,6.234,6.133,1,1,Toyota,sedan,gasoline,automatic,Midwest,private,22789.044,23187.024
CAR-P-00623,2018,7.957,167334.493,22086.076,2.073,227.966,8.074,6.234,3,0,Ford,hatchback,gasoline,manual,South,private,19952.976,19567.741
CAR-P-00641,2020,5.242,90180.268,17015.277,2.235,219.980,,9.126,2,0,Toyota,SUV,gasoline,automatic,West,franchise_dealer,36752.105,37749.422
CAR-P-00171,2018,7.293,95595.384,12525.256,,147.887,8.549,,3,0,Hyundai,coupe,gasoline,CVT,West,private,17639.028,17728.110
CAR-P-01678,2017,8.321,59629.693,6994.186,1.920,232.050,7.619,7.739,2,0,Hyundai,SUV,gasoline,CVT,South,franchise_dealer,23789.344,24093.465
CAR-P-00468,2025,0.290,9071.689,15753.621,2.153,236.702,8.976,9.713,2,0,Kia,hatchback,diesel,automatic,West,franchise_dealer,41748.032,43503.082
CAR-P-00268,2022,3.610,85505.619,20935.034,1.516,192.922,6.247,5.104,1,2,Ford,hatchback,diesel,CVT,Northeast,franchise_dealer,15735.473,16480.655
CAR-P-00751,2014,11.208,170328.540,14173.299,1.424,181.787,,8.969,3,0,Toyota,hatchback,gasoline,automatic,Northeast,private,17798.112,18280.144
CAR-P-00900,2025,0.792,9650.071,11526.452,0.794,91.481,7.415,7.292,1,1,Honda,SUV,electric,manual,West,franchise_dealer,32278.762,32430.272
CAR-P-00414,2019,6.145,103357.402,17015.698,,234.727,7.961,6.267,1,0,Ford,hatchback,hybrid,automatic,South,private,32044.174,33081.378
CAR-P-00653,2023,2.734,39158.505,16004.215,0.825,162.727,,10.000,3,0,Honda,sedan,gasoline,manual,Northeast,private,28283.826,29005.553
CAR-P-00486,2017,8.418,108450.073,13291.557,0.937,80.942,6.879,8.130,2,0,Hyundai,sedan,electric,automatic,South,independent_dealer,,12139.670
CAR-P-01653,2017,8.090,141808.046,16929.741,3.284,347.571,7.169,5.935,3,0,Mercedes,pickup,gasoline,automatic,Northeast,franchise_dealer,37340.297,39342.169
CAR-P-00796,2021,4.664,62217.871,11524.110,0.919,157.692,9.211,10.000,2,0,BMW,sedan,electric,automatic,Northeast,franchise_dealer,42075.973,43766.997
CAR-P-01226,2020,5.171,88117.519,15747.772,3.064,292.202,8.917,9.497,1,0,Honda,SUV,hybrid,automatic,West,franchise_dealer,,46798.610
CAR-P-01331,2024,1.517,23476.725,17169.138,2.177,226.600,,10.000,1,0,Honda,SUV,gasoline,automatic,Midwest,franchise_dealer,38841.804,41001.448
CAR-P-01586,2023,2.269,46039.091,17271.346,1.234,148.830,7.315,6.962,1,0,Kia,sedan,diesel,automatic,Northeast,franchise_dealer,,30206.394
CAR-P-00145,2017,8.419,153185.049,18300.701,0.720,97.070,6.187,6.121,4,0,Ford,sedan,gasoline,automatic,West,franchise_dealer,7772.064,8273.321
CAR-P-01647,2015,10.647,202667.353,18862.085,2.459,224.260,5.871,4.146,3,1,Kia,SUV,gasoline,manual,Northeast,franchise_dealer,10798.542,10762.211
CAR-P-01535,2023,2.354,41869.658,16523.771,0.700,63.909,7.824,9.529,2,1,Toyota,sedan,electric,automatic,Northeast,private,25829.551,25933.927
CAR-P-00052,2017,8.165,144569.057,17234.623,0.789,130.931,,8.702,2,0,BMW,sedan,electric,automatic,Midwest,franchise_dealer,26656.051,27156.859
CAR-P-01130,2003,22.000,288152.359,13212.521,2.865,280.087,3.124,2.586,9,1,Honda,pickup,gasoline,automatic,Northeast,private,2233.112,1200.000
CAR-P-00834,2014,11.925,180641.421,15046.429,2.117,250.481,5.873,5.295,4,0,Mercedes,sedan,hybrid,automatic,Midwest,independent_dealer,21889.909,21866.660
CAR-P-00649,2016,9.142,80966.735,8394.940,,245.866,7.868,,4,0,Ford,SUV,gasoline,,Midwest,private,21708.016,22029.537
CAR-P-01516,2016,9.173,159501.261,16520.133,2.212,237.941,8.096,7.923,2,1,Ford,hatchback,gasoline,automatic,West,private,19618.672,20156.894
CAR-P-01740,2017,8.718,136848.454,15724.123,2.380,282.325,6.429,6.738,3,1,Kia,hatchback,gasoline,CVT,Northeast,franchise_dealer,32048.141,32849.026
CAR-P-00825,2023,2.021,35296.454,18359.382,1.790,237.747,9.590,10.000,3,0,Mercedes,sedan,gasoline,automatic,South,private,41071.229,42689.703
CAR-P-00909,2023,2.240,46837.850,20354.111,2.508,300.904,8.938,8.348,2,0,BMW,sedan,gasoline,automatic,West,franchise_dealer,48051.798,49655.980
CAR-P-01794,2016,9.779,51615.902,4942.062,2.229,230.627,6.863,,7,1,Toyota,SUV,hybrid,automatic,Midwest,independent_dealer,18492.904,18134.565
CAR-P-01465,2013,12.151,184898.173,15308.812,1.728,223.352,6.599,6.353,4,0,Subaru,coupe,hybrid,manual,South,franchise_dealer,16394.202,16573.025
CAR-P-00423,2018,7.444,88245.630,11803.246,1.312,155.907,8.929,8.177,1,1,Kia,sedan,electric,automatic,West,franchise_dealer,29756.014,31025.595
CAR-P-01648,2021,4.441,75027.815,18921.968,1.495,180.861,9.001,9.681,2,0,Hyundai,SUV,gasoline,automatic,Northeast,independent_dealer,30900.725,30888.623
CAR-P-01625,2021,4.564,53167.112,11544.269,1.449,191.366,9.032,9.716,4,0,Toyota,coupe,gasoline,automatic,Northeast,franchise_dealer,32954.152,33829.751
CAR-P-00865,2015,10.110,181195.611,17244.652,2.338,268.744,5.352,5.545,3,1,Subaru,SUV,gasoline,automatic,South,private,18149.576,18237.607
CAR-P-00257,2012,13.088,172317.461,13359.215,2.354,257.296,6.061,3.697,2,0,Subaru,sedan,gasoline,CVT,Midwest,franchise_dealer,12931.743,12816.204
CAR-P-00540,2018,7.162,179510.090,24565.611,0.709,96.045,7.414,6.858,1,1,Ford,sedan,electric,automatic,South,private,17365.807,17497.980
CAR-P-01147,2023,2.173,30814.418,14398.073,2.517,373.241,8.981,10.000,2,0,Tesla,pickup,gasoline,manual,South,franchise_dealer,52344.952,54878.439
CAR-P-01206,2011,14.379,139884.751,9831.011,0.826,230.421,5.852,5.979,4,1,Tesla,sedan,hybrid,CVT,Northeast,franchise_dealer,17255.776,17063.679
CAR-P-00872,2021,4.325,50465.868,11538.811,1.922,313.175,5.995,6.970,3,1,Tesla,sedan,gasoline,automatic,Northeast,franchise_dealer,35233.499,36906.625
CAR-P-01159,2017,8.767,113250.688,12708.679,2.537,266.172,7.351,7.224,5,0,Honda,hatchback,gasoline,automatic,Midwest,private,26120.856,26739.620
CAR-P-00076,2022,3.869,68403.085,16944.273,2.105,225.216,8.326,8.723,2,0,Kia,hatchback,diesel,automatic,South,franchise_dealer,29810.310,30555.589
CAR-P-01501,2022,3.469,23365.918,8663.720,2.528,264.613,8.434,5.590,1,0,Kia,pickup,gasoline,automatic,South,independent_dealer,36206.833,36885.314
CAR-P-00707,2014,11.615,171279.351,14763.595,1.523,191.202,6.317,5.874,2,0,Mercedes,hatchback,gasoline,automatic,Northeast,private,20831.339,21852.008
CAR-P-01332,2024,1.637,13036.463,9880.615,1.669,218.090,9.303,9.244,1,0,BMW,hatchback,gasoline,CVT,South,independent_dealer,40594.156,42014.018
CAR-P-01559,2020,5.424,101969.612,18376.488,2.687,289.584,9.077,10.000,3,0,BMW,SUV,gasoline,automatic,West,independent_dealer,,43891.045
CAR-P-00236,2021,4.531,77381.381,16797.681,1.771,176.070,7.685,5.492,2,0,Hyundai,hatchback,,CVT,Northeast,franchise_dealer,20954.671,22693.800
CAR-P-00323,2018,7.477,68786.057,9126.736,1.589,177.712,7.611,8.219,1,0,Mercedes,sedan,gasoline,automatic,West,franchise_dealer,31376.199,32391.316
CAR-P-01250,2012,13.019,163650.359,13127.894,1.604,201.575,,6.590,5,0,Toyota,coupe,diesel,automatic,Midwest,independent_dealer,14631.871,14527.609
CAR-P-00382,2007,18.533,189354.784,10256.536,,167.340,5.137,6.210,1,0,Toyota,sedan,electric,automatic,South,franchise_dealer,6047.322,5680.475
CAR-P-00062,2021,4.001,40387.797,10540.696,2.609,261.976,8.201,8.979,2,0,Ford,sedan,gasoline,,Northeast,private,,32659.897
CAR-P-01453,2016,9.881,151204.862,14499.648,2.640,255.432,6.635,6.690,3,1,Subaru,SUV,gasoline,CVT,Northeast,independent_dealer,,16375.267
CAR-P-00753,2015,10.678,184241.674,16554.745,2.811,309.025,6.992,9.080,2,0,Mercedes,SUV,diesel,automatic,Midwest,private,29138.538,30141.049
CAR-P-00664,2023,2.861,41296.870,14025.991,1.897,248.916,,7.659,3,0,Ford,coupe,gasoline,manual,Midwest,franchise_dealer,31736.476,32817.595
CAR-P-00184,2024,1.458,22555.573,14883.763,1.604,160.727,8.654,6.324,2,0,Hyundai,sedan,gasoline,automatic,West,franchise_dealer,,29551.884
CAR-P-01541,2020,5.409,74734.320,14714.033,2.666,243.262,7.854,8.938,2,0,Toyota,SUV,diesel,automatic,West,independent_dealer,35364.867,36380.305
CAR-P-01102,2014,11.401,170557.173,14489.524,1.850,213.258,6.173,6.213,3,1,Subaru,SUV,diesel,CVT,West,independent_dealer,18639.592,17877.857
CAR-P-00734,2012,13.063,190376.149,14284.382,3.100,283.980,,6.131,4,0,Subaru,pickup,gasoline,automatic,South,independent_dealer,16655.694,17599.798
CAR-P-01118,2020,5.101,119506.985,23779.518,1.752,198.657,8.166,8.678,2,0,Kia,sedan,gasoline,automatic,Midwest,franchise_dealer,28018.876,28802.719
CAR-P-01509,2016,9.474,175235.043,18850.475,3.852,358.467,7.393,8.806,5,0,Toyota,pickup,gasoline,,West,private,30784.584,32124.405
CAR-P-00398,2024,1.458,13557.315,11039.593,1.747,176.876,,8.085,1,0,Toyota,pickup,gasoline,automatic,Midwest,private,35139.035,37137.292
CAR-P-00229,2020,5.278,113861.313,23176.862,2.597,253.552,8.030,8.801,1,0,Subaru,SUV,hybrid,CVT,South,independent_dealer,33672.307,34957.579
CAR-P-00746,2022,3.343,52286.224,14042.106,,330.636,8.702,8.709,2,0,Tesla,sedan,gasoline,automatic,Midwest,independent_dealer,48494.834,50745.575
CAR-P-00039,2011,14.299,182639.013,12799.441,2.617,369.184,6.608,6.991,4,0,Tesla,SUV,gasoline,,West,franchise_dealer,30069.779,30954.853
CAR-P-00774,2022,3.499,8491.932,3500.000,2.877,318.307,,9.446,5,0,Mercedes,pickup,,automatic,West,private,46185.432,48643.097
CAR-P-01349,2020,5.164,71859.956,14710.314,2.563,250.862,7.655,9.017,4,0,Toyota,SUV,gasoline,automatic,South,independent_dealer,27840.694,28200.416
CAR-P-01245,2015,10.734,81590.573,7876.550,2.572,258.541,,6.196,5,2,Honda,pickup,gasoline,automatic,West,private,17007.857,16959.557
CAR-P-00966,2015,10.237,243201.149,22830.591,3.062,336.510,6.223,4.911,1,0,BMW,SUV,hybrid,,South,independent_dealer,,34444.046
CAR-P-00235,2021,4.559,51037.337,11910.845,2.261,233.793,8.640,9.369,3,0,Hyundai,SUV,gasoline,automatic,South,franchise_dealer,32539.802,34079.542
CAR-P-01415,2020,5.094,76850.864,15222.617,1.737,208.337,7.265,6.316,2,0,Ford,hatchback,hybrid,automatic,Northeast,independent_dealer,24788.488,25762.170
CAR-P-01319,2020,5.030,56209.878,11795.680,3.071,338.116,8.894,8.166,4,0,BMW,SUV,gasoline,automatic,West,independent_dealer,47824.645,50060.389
CAR-P-00978,2023,2.530,41696.550,15547.903,2.695,272.390,9.273,9.255,2,0,Kia,SUV,diesel,automatic,Midwest,independent_dealer,38669.737,39838.149
CAR-P-01214,2019,6.228,96989.430,15262.072,1.779,235.175,7.899,8.889,5,0,Toyota,hatchback,hybrid,automatic,South,franchise_dealer,31006.404,32637.361
CAR-P-00168,2009,16.728,244231.528,13981.931,2.690,278.093,4.956,5.348,4,0,Kia,SUV,gasoline,CVT,Midwest,franchise_dealer,9022.575,8511.945
CAR-P-01718,2019,6.273,85089.156,13603.815,3.710,355.910,7.647,7.133,2,0,Toyota,pickup,diesel,automatic,Midwest,franchise_dealer,40034.690,42276.410
CAR-P-01210,2019,6.676,86771.262,12753.570,1.676,172.062,6.870,8.045,4,1,Kia,sedan,gasoline,CVT,Northeast,franchise_dealer,16290.957,16389.013
CAR-P-01696,2018,7.401,68779.151,9603.815,2.338,228.479,7.760,8.693,3,0,Toyota,sedan,gasoline,automatic,Midwest,independent_dealer,26256.374,26286.461
CAR-P-01458,2005,20.218,208126.992,10109.691,,194.185,5.025,3.605,5,1,Ford,SUV,gasoline,CVT,Northeast,independent_dealer,,1200.000
CAR-P-01181,2013,12.990,240869.257,19018.452,2.797,261.331,5.712,6.022,3,0,Ford,pickup,gasoline,CVT,West,franchise_dealer,15155.541,15226.857
CAR-P-01410,2018,7.354,170081.441,22662.775,3.069,308.873,7.685,,3,1,Hyundai,pickup,gasoline,manual,Midwest,franchise_dealer,27288.870,27214.933
CAR-P-00319,2023,2.919,41132.472,15355.765,2.792,319.048,7.989,7.690,2,0,Mercedes,sedan,diesel,manual,West,franchise_dealer,42708.630,44501.786
CAR-P-01426,2018,7.448,162088.174,21378.129,3.083,316.769,7.134,7.713,2,0,Hyundai,pickup,gasoline,automatic,South,franchise_dealer,31729.133,32671.052
CAR-P-00430,2003,22.000,420000.000,24799.232,1.951,357.967,4.245,7.027,6,0,Tesla,sedan,gasoline,CVT,Midwest,independent_dealer,15054.526,15157.970
CAR-P-00544,2025,0.392,2461.912,15221.469,1.876,202.672,,8.357,4,0,Toyota,hatchback,hybrid,manual,West,franchise_dealer,39358.017,40701.093
CAR-P-00004,2023,2.773,41488.291,16891.053,1.544,153.316,8.626,5.920,2,0,Honda,pickup,electric,automatic,West,franchise_dealer,38845.573,40880.899
CAR-P-01573,2009,16.832,181012.204,10439.650,1.683,234.897,6.830,7.603,2,0,Kia,coupe,gasoline,automatic,Northeast,independent_dealer,13512.170,13909.016
CAR-P-00646,2017,8.170,110807.470,13735.705,2.742,272.009,7.507,7.242,3,0,Mercedes,SUV,gasoline,CVT,West,independent_dealer,33326.672,34340.786
CAR-P-01697,2019,6.760,136372.546,20888.881,2.425,267.941,,8.660,2,0,Subaru,sedan,gasoline,automatic,Midwest,private,26035.537,26609.044
CAR-P-00119,2021,4.288,72093.967,17776.832,2.803,275.542,5.819,4.259,2,2,Honda,sedan,diesel,automatic,Midwest,franchise_dealer,24666.167,25774.246
CAR-P-00873,2013,12.720,209202.826,16534.414,,246.149,6.807,5.967,4,0,Toyota,SUV,hybrid,automatic,West,independent_dealer,,21112.732
CAR-P-00478,2017,8.555,153104.410,18041.297,0.700,143.197,7.189,6.815,2,0,Mercedes,hatchback,electric,,Midwest,independent_dealer,24921.337,25188.587
CAR-P-01034,2013,12.142,307820.876,25764.910,3.132,289.984,6.667,5.987,4,0,Toyota,pickup,diesel,automatic,Midwest,independent_dealer,19428.404,20032.452
CAR-P-00738,2018,7.577,94485.824,11903.907,2.056,210.609,7.914,7.960,5,0,Subaru,sedan,gasoline,CVT,West,franchise_dealer,27497.373,27682.559
CAR-P-00944,2020,5.665,108048.283,18902.177,2.812,260.999,7.988,8.214,1,0,Ford,SUV,,CVT,West,franchise_dealer,,36302.372
CAR-P-00697,2012,13.674,178441.593,12988.852,,260.874,6.137,6.948,4,1,Honda,SUV,hybrid,CVT,West,independent_dealer,20654.662,21409.830
CAR-P-01499,2022,3.060,46415.293,13412.498,2.474,244.918,6.247,6.052,2,1,Toyota,SUV,gasoline,automatic,West,franchise_dealer,,34570.958
CAR-P-00455,2012,13.242,225017.437,17471.826,2.088,214.498,6.856,6.855,6,0,Kia,SUV,gasoline,automatic,Midwest,franchise_dealer,12425.678,12891.731
CAR-P-00710,2021,4.517,46468.970,10570.663,2.423,244.592,8.384,7.469,2,0,Ford,SUV,diesel,automatic,South,franchise_dealer,33030.236,34460.024
CAR-P-00156,2016,9.030,102130.171,11327.667,1.903,162.603,7.596,,5,0,Ford,sedan,gasoline,automatic,Midwest,private,14368.049,14873.608
CAR-P-00892,2017,8.940,193612.890,21747.315,1.891,326.574,6.509,6.340,2,1,Tesla,sedan,gasoline,automatic,Midwest,private,25884.942,26677.993
CAR-P-01434,2023,2.394,32160.518,13719.802,2.906,301.116,8.825,,2,0,Toyota,SUV,gasoline,automatic,West,franchise_dealer,45557.026,47851.292
CAR-P-01094,2021,4.295,40364.334,9764.236,1.996,243.584,7.258,6.914,2,1,Honda,sedan,gasoline,automatic,South,franchise_dealer,28021.561,29064.538
CAR-P-01083,2016,9.993,184485.710,19161.045,1.701,172.544,7.341,7.984,2,0,Honda,sedan,gasoline,CVT,Midwest,independent_dealer,17697.241,17782.874
CAR-P-00309,2018,7.354,98469.993,13646.791,,329.624,7.523,7.529,2,0,Toyota,pickup,diesel,automatic,Midwest,independent_dealer,39043.782,40694.405
CAR-P-00114,2015,10.812,141322.375,12838.089,2.339,263.297,,7.608,1,0,Honda,SUV,gasoline,automatic,Midwest,franchise_dealer,22445.566,22783.322
CAR-P-01031,2019,6.778,75250.424,12051.136,2.252,263.715,8.385,,3,0,Mercedes,sedan,gasoline,CVT,Northeast,independent_dealer,,34655.770
CAR-P-00293,2019,6.248,108053.928,18009.306,0.700,105.368,7.399,,2,1,Kia,sedan,,automatic,Midwest,franchise_dealer,16819.389,15989.601
CAR-P-01003,2020,5.808,80540.662,14837.292,3.024,328.471,8.154,8.219,1,0,BMW,SUV,gasoline,automatic,Northeast,independent_dealer,43594.848,46100.086
CAR-P-01177,2023,2.471,36892.834,15148.828,2.717,252.573,7.189,7.353,2,0,Kia,pickup,gasoline,automatic,West,franchise_dealer,34524.752,36076.448
CAR-P-01043,2019,6.305,63705.967,8650.995,2.721,296.325,,7.776,2,0,BMW,pickup,gasoline,automatic,Midwest,private,40700.693,42776.038
CAR-P-00335,2018,7.048,86907.735,11532.747,3.199,301.267,6.580,6.440,2,0,Ford,sedan,gasoline,,West,franchise_dealer,28234.096,29551.774
CAR-P-01011,2014,11.302,219579.384,19590.207,2.414,231.776,7.038,6.821,2,0,Subaru,SUV,hybrid,CVT,South,private,15955.460,15199.626
CAR-P-00992,2024,1.096,6375.142,17293.411,2.624,287.339,8.974,5.442,1,0,Hyundai,coupe,gasoline,automatic,West,independent_dealer,39964.349,41124.581
CAR-P-01257,2008,17.769,420000.000,24151.591,2.052,202.482,5.519,,3,0,Honda,sedan,gasoline,automatic,South,franchise_dealer,2262.627,1200.000
CAR-P-00533,2024,1.506,28993.014,20863.135,0.700,173.225,7.801,7.088,2,0,Mercedes,coupe,electric,automatic,South,independent_dealer,57822.860,60460.189
CAR-P-00177,2019,6.945,116661.755,18337.275,2.443,255.517,10.000,8.162,1,0,Honda,sedan,gasoline,automatic,Northeast,franchise_dealer,35336.899,36741.251
CAR-P-01796,2017,8.951,94568.128,10387.644,2.071,252.519,7.002,7.501,2,1,Honda,hatchback,gasoline,CVT,Northeast,independent_dealer,22324.719,23099.078
CAR-P-01131,2020,5.144,83309.219,15782.636,1.625,173.560,6.790,5.794,4,2,Ford,sedan,gasoline,,West,private,12086.245,12021.059
CAR-P-01555,2008,17.527,142071.029,7868.275,1.319,155.640,,4.228,5,1,Ford,pickup,electric,automatic,Midwest,private,1792.501,1200.000
CAR-P-00898,2020,5.488,73938.613,14212.248,3.218,349.006,9.363,8.162,5,1,BMW,SUV,hybrid,automatic,West,franchise_dealer,47780.709,49853.916
CAR-P-01243,2005,20.724,295212.988,14237.354,2.374,211.574,,5.093,5,1,Hyundai,pickup,,automatic,Northeast,franchise_dealer,1978.897,1200.000
CAR-P-00608,2009,16.587,338290.631,20266.036,1.557,186.567,5.140,4.707,5,0,Toyota,hatchback,hybrid,automatic,South,franchise_dealer,6036.527,5207.171
CAR-P-01307,2022,3.748,68341.667,17999.940,2.221,240.527,8.466,,1,0,Ford,SUV,gasoline,automatic,Northeast,franchise_dealer,34499.858,36372.730
CAR-P-01638,2023,2.930,62766.796,18645.904,2.496,239.490,7.799,8.566,2,0,Honda,pickup,gasoline,automatic,South,franchise_dealer,32671.738,33643.805
CAR-P-01132,2021,4.099,66815.570,14090.500,1.912,219.494,8.265,,2,0,Honda,hatchback,diesel,CVT,West,private,,33132.226
CAR-P-00884,2016,9.220,68475.991,7526.415,1.403,165.331,6.695,7.207,2,0,Toyota,sedan,diesel,automatic,Northeast,franchise_dealer,21942.929,23024.309
CAR-P-01041,2008,17.811,206847.729,11325.680,2.579,297.581,5.006,,3,0,BMW,hatchback,hybrid,CVT,Northeast,franchise_dealer,18618.938,18593.896
CAR-P-01248,2014,11.755,89230.716,7500.793,0.964,117.959,5.489,5.349,1,1,Honda,SUV,electric,automatic,Northeast,franchise_dealer,14393.886,14092.789
CAR-P-00483,2023,2.987,43063.673,14784.531,3.826,395.076,9.253,,3,0,BMW,pickup,gasoline,CVT,Midwest,private,71406.144,75374.699
CAR-P-01657,2025,0.875,7598.585,11155.479,1.705,151.833,8.917,,2,0,Ford,sedan,hybrid,CVT,West,independent_dealer,28811.101,29842.630
CAR-P-00465,2015,10.767,237629.216,21827.244,3.259,319.242,7.263,5.582,3,0,Toyota,pickup,hybrid,automatic,Midwest,franchise_dealer,,27670.287
CAR-P-00369,2020,5.296,128663.222,23793.926,3.347,309.799,7.743,7.324,1,0,Toyota,pickup,gasoline,automatic,West,private,34343.029,34562.651
CAR-P-00298,2018,7.928,136220.531,17110.151,,211.015,6.823,8.732,1,0,Honda,sedan,diesel,automatic,South,franchise_dealer,28144.071,29679.084
CAR-P-00438,2023,2.766,55679.459,19656.482,0.700,105.872,8.290,10.000,2,0,Toyota,hatchback,gasoline,automatic,Midwest,franchise_dealer,24433.184,25010.101
CAR-P-01408,2020,5.730,90198.911,15787.824,0.700,125.598,8.559,7.951,3,0,Mercedes,sedan,,automatic,Northeast,independent_dealer,29403.185,30240.900
CAR-P-00370,2018,7.212,126892.169,17244.180,2.147,202.306,8.143,,3,0,Hyundai,sedan,gasoline,automatic,Northeast,franchise_dealer,24914.772,25383.410
CAR-P-00325,2024,1.186,24211.341,22401.063,2.094,205.873,10.000,10.000,1,0,Honda,SUV,diesel,automatic,West,franchise_dealer,44779.690,47006.278
CAR-P-01763,2020,5.658,80370.383,14592.585,2.042,190.029,,,2,0,Kia,SUV,gasoline,manual,South,private,,27189.240
CAR-P-00216,2017,8.372,151063.313,17723.327,2.673,266.817,8.614,9.455,2,0,Toyota,SUV,gasoline,automatic,South,franchise_dealer,,34739.007
CAR-P-00070,2022,3.425,43293.408,12144.470,2.850,285.401,8.526,8.752,1,0,Ford,SUV,gasoline,CVT,Midwest,independent_dealer,34913.007,35997.960
CAR-P-01733,2018,7.343,125996.324,17363.803,2.229,291.972,6.938,6.559,3,0,BMW,coupe,gasoline,automatic,Midwest,independent_dealer,35840.490,38293.995
CAR-P-00226,2017,8.366,137761.574,17040.049,1.502,182.240,6.388,4.887,1,0,Hyundai,SUV,gasoline,manual,Midwest,independent_dealer,19927.688,20353.450
CAR-P-01209,2019,6.944,151386.972,22631.649,2.125,226.097,7.664,7.321,2,0,BMW,SUV,gasoline,automatic,West,independent_dealer,30758.672,31822.336
CAR-P-00134,2008,17.057,188599.538,10796.152,1.995,207.045,6.343,5.342,1,0,Toyota,hatchback,gasoline,CVT,South,franchise_dealer,9178.201,9004.028
CAR-P-01642,2018,7.054,152564.934,21664.247,3.086,331.386,7.243,7.191,3,0,BMW,hatchback,gasoline,automatic,West,franchise_dealer,36090.637,37066.729
CAR-P-01174,2016,9.368,130583.936,14053.276,2.325,238.144,8.468,7.275,2,0,Toyota,hatchback,gasoline,automatic,Northeast,independent_dealer,25016.531,25489.853
CAR-P-01280,2017,8.545,53117.803,5649.259,1.382,131.922,7.397,,1,0,Honda,sedan,gasoline,manual,West,franchise_dealer,,18057.058
CAR-P-00233,2016,9.007,111762.836,12666.487,2.885,288.528,7.057,7.967,4,0,Subaru,sedan,gasoline,manual,Midwest,private,24083.475,25069.268
CAR-P-00792,2024,1.457,13255.293,14609.828,2.211,263.810,8.377,7.990,2,1,Hyundai,SUV,hybrid,automatic,Northeast,private,34314.142,35627.884
CAR-P-00766,2020,5.293,99937.827,18130.275,2.773,266.871,7.634,7.423,4,0,Subaru,SUV,diesel,CVT,West,independent_dealer,31828.403,33010.299
CAR-P-00911,2021,4.378,36532.118,10258.081,1.640,187.241,8.642,7.775,3,0,Honda,sedan,diesel,CVT,Northeast,independent_dealer,33605.707,34820.063
CAR-P-00499,2011,14.877,249301.869,17534.439,2.449,284.850,7.253,5.958,8,0,Mercedes,SUV,gasoline,automatic,Midwest,independent_dealer,16878.000,16904.718
CAR-P-01673,2018,7.311,50587.829,7990.701,1.461,191.159,8.669,8.955,2,0,Honda,SUV,gasoline,CVT,Northeast,franchise_dealer,,35661.656
CAR-P-00662,2023,2.313,34701.397,15001.086,1.089,129.956,8.280,7.631,2,0,Hyundai,sedan,electric,automatic,Northeast,franchise_dealer,31186.160,32129.168
CAR-P-00295,2023,2.552,21581.304,7747.545,3.425,349.888,7.193,,1,0,Toyota,sedan,gasoline,automatic,Northeast,independent_dealer,43808.025,45378.363
CAR-P-01588,2017,8.926,163912.756,19001.794,2.397,377.498,6.581,6.266,2,0,Tesla,SUV,gasoline,automatic,South,private,39245.774,41227.612
CAR-P-00316,2011,14.333,188216.878,13644.596,2.095,212.400,,4.300,3,0,Toyota,SUV,gasoline,automatic,South,private,,10870.612
CAR-P-01677,2018,7.344,112853.245,15553.277,2.031,185.370,7.060,,3,0,Kia,hatchback,gasoline,automatic,South,franchise_dealer,32207.973,33240.072
CAR-P-00059,2019,6.151,67935.212,10294.920,3.017,297.224,8.705,,1,0,Honda,SUV,gasoline,automatic,Northeast,independent_dealer,,40565.950
CAR-P-01375,2019,6.796,90571.125,12705.497,1.813,181.900,,8.090,2,0,Subaru,sedan,gasoline,automatic,South,franchise_dealer,26149.159,27375.727
CAR-P-00895,2012,13.636,229412.759,16643.722,2.403,393.372,6.273,5.799,3,1,Tesla,hatchback,hybrid,CVT,West,franchise_dealer,26442.330,27829.497
CAR-P-00994,2016,9.999,161220.483,16823.397,1.823,193.040,7.416,,5,0,Kia,pickup,diesel,automatic,Midwest,private,13079.085,13285.481
CAR-P-00318,2016,9.382,180492.860,19753.732,3.191,289.663,6.987,,5,0,Ford,pickup,gasoline,manual,Northeast,franchise_dealer,23985.402,24835.069
CAR-P-00276,2022,3.892,77134.755,19486.434,2.831,292.106,7.014,5.768,1,2,BMW,sedan,gasoline,automatic,Northeast,independent_dealer,34619.962,35929.663
CAR-P-00400,2015,10.898,188174.109,16698.526,1.582,132.679,5.755,,2,0,Hyundai,sedan,gasoline,CVT,West,franchise_dealer,13827.924,13800.176
CAR-P-01513,2023,2.844,50418.215,16469.618,1.764,183.653,7.655,,2,1,Honda,sedan,gasoline,automatic,West,private,28743.214,29942.318
CAR-P-01506,2014,11.626,296156.803,25139.892,1.400,190.733,5.048,,3,1,BMW,SUV,electric,manual,Midwest,independent_dealer,,17099.608
CAR-P-00819,2016,9.711,124659.692,13024.292,2.402,263.147,7.078,5.612,3,0,Toyota,SUV,hybrid,automatic,South,franchise_dealer,22571.572,23474.106
CAR-P-01435,2021,4.863,28504.119,6164.869,2.247,233.125,7.074,6.333,1,1,Toyota,hatchback,gasoline,automatic,South,independent_dealer,25564.279,26293.690
CAR-P-00820,2008,17.969,295490.408,16757.688,,216.701,4.520,5.381,6,0,Ford,SUV,hybrid,automatic,West,independent_dealer,2518.969,1200.000
CAR-P-01092,2013,12.535,127808.515,10205.977,3.313,358.074,7.110,8.312,2,1,Mercedes,SUV,gasoline,manual,Midwest,independent_dealer,33258.852,34272.013
CAR-P-00393,2021,4.899,62974.123,12668.893,2.658,273.711,,,3,0,Toyota,hatchback,gasoline,CVT,South,private,30110.588,30738.239
CAR-P-00283,2018,7.911,187996.978,23774.838,,190.906,8.663,8.473,2,0,Ford,pickup,electric,,Northeast,independent_dealer,31116.800,32207.947
CAR-P-00833,2017,8.914,102172.279,11609.290,1.769,199.317,7.831,7.140,3,0,Honda,hatchback,gasoline,automatic,Midwest,franchise_dealer,22569.554,23165.546
CAR-P-01187,2022,3.629,72971.933,18488.954,0.700,93.550,8.508,7.236,2,0,Honda,hatchback,electric,CVT,South,independent_dealer,25947.369,26256.732
CAR-P-01035,2016,9.595,154491.355,15974.300,2.186,226.231,8.434,9.507,3,0,Honda,sedan,gasoline,CVT,Midwest,independent_dealer,21782.374,23649.923
CAR-P-00850,2023,2.962,44104.829,13815.648,1.758,199.872,9.472,8.844,1,0,Mercedes,SUV,gasoline,automatic,Northeast,independent_dealer,41393.388,42527.641
CAR-P-01392,2019,6.173,100865.990,16548.882,2.642,291.029,6.964,,2,0,Kia,SUV,diesel,CVT,Midwest,franchise_dealer,29705.252,30428.392
CAR-P-00905,2023,2.017,21005.384,10778.729,2.757,259.291,8.653,8.786,3,0,Hyundai,sedan,gasoline,automatic,South,private,35039.877,35663.499
CAR-P-01056,2024,1.296,4509.195,11116.875,1.614,218.287,8.375,6.249,2,0,Ford,coupe,gasoline,automatic,Northeast,franchise_dealer,37385.186,38364.918
CAR-P-00386,2018,7.463,150752.038,21110.372,3.106,342.057,8.223,9.037,3,0,BMW,SUV,gasoline,automatic,Northeast,independent_dealer,37859.171,39956.356
CAR-P-01068,2007,18.713,254936.038,13126.358,2.130,211.675,5.107,4.800,4,0,Toyota,sedan,gasoline,automatic,South,private,,1200.000
CAR-P-01154,2020,5.890,97557.982,16908.866,1.818,179.668,8.577,8.261,1,0,Kia,sedan,gasoline,CVT,South,independent_dealer,25871.726,27231.974
CAR-P-01142,2008,17.970,148812.738,7833.481,1.730,310.602,,5.755,4,0,Tesla,sedan,gasoline,CVT,Midwest,independent_dealer,25095.451,25380.970
CAR-P-00084,2021,4.391,80686.877,19288.047,2.652,324.646,8.356,,2,1,Subaru,coupe,gasoline,automatic,South,independent_dealer,37659.252,39466.178
CAR-P-00886,2023,2.544,52351.837,18116.166,2.020,233.481,8.214,6.300,1,0,BMW,sedan,diesel,automatic,Midwest,independent_dealer,41398.235,43060.163
CAR-P-01777,2019,6.768,50814.617,6913.612,2.141,205.393,7.043,5.993,1,0,Kia,SUV,gasoline,automatic,Northeast,franchise_dealer,24634.061,25623.087
CAR-P-00985,2022,3.349,42370.920,12064.455,2.636,257.798,7.767,6.719,2,0,Toyota,SUV,gasoline,automatic,Northeast,independent_dealer,38002.573,39718.987
CAR-P-01212,2021,4.921,67529.168,12956.716,,148.435,,7.973,1,0,Mercedes,sedan,gasoline,automatic,West,private,31990.780,33719.623
CAR-P-01730,2019,6.386,120529.572,18621.857,1.979,220.436,8.089,10.000,4,0,BMW,sedan,gasoline,automatic,West,franchise_dealer,32567.838,34154.264
CAR-P-00671,2020,5.689,107910.437,18908.402,2.082,200.882,6.476,6.258,1,2,Honda,SUV,gasoline,automatic,West,franchise_dealer,21853.309,22594.208
CAR-P-01762,2023,2.743,32528.699,9350.238,,348.858,8.549,6.404,1,0,BMW,SUV,gasoline,automatic,Midwest,private,57250.015,59964.914
CAR-P-01757,2017,8.908,116575.808,12750.223,2.382,252.931,7.488,6.033,4,0,Ford,SUV,gasoline,automatic,West,franchise_dealer,24340.456,24748.941
CAR-P-01240,2018,7.652,168137.477,21284.192,2.578,275.311,7.632,7.799,3,0,Ford,SUV,gasoline,CVT,South,independent_dealer,23724.210,24807.071
CAR-P-01201,2007,18.918,155668.752,8220.939,0.780,100.143,4.630,3.507,3,1,Honda,hatchback,gasoline,automatic,Midwest,franchise_dealer,1735.813,1200.000
CAR-P-01109,2018,7.557,121375.945,17087.901,1.763,191.313,7.688,8.268,2,0,Ford,sedan,gasoline,automatic,South,private,17649.792,17457.618
CAR-P-00672,2013,12.148,176706.100,14544.638,2.177,350.007,7.072,6.131,1,0,Tesla,sedan,gasoline,manual,West,franchise_dealer,32633.276,34056.042
CAR-P-01078,2019,6.652,73709.048,10680.326,1.060,127.879,6.971,6.009,3,0,Honda,sedan,electric,CVT,Midwest,independent_dealer,23664.474,24349.392
CAR-P-00954,2023,2.993,78684.510,24152.299,3.239,304.486,9.228,7.421,4,0,Honda,sedan,gasoline,automatic,West,franchise_dealer,37385.319,39933.200
CAR-P-01000,2016,9.220,92763.971,10726.177,3.819,348.344,7.884,,2,0,Toyota,pickup,gasoline,automatic,Midwest,private,33145.930,33804.414
CAR-P-00202,2019,6.931,110595.759,15663.332,2.543,250.071,7.155,7.755,2,0,Toyota,SUV,hybrid,automatic,South,franchise_dealer,32360.277,34107.060
CAR-P-01799,2024,1.957,20301.537,14455.039,2.718,265.190,8.063,,3,1,Hyundai,sedan,diesel,CVT,West,franchise_dealer,,35116.947
CAR-P-01326,2009,16.056,183960.101,11766.944,1.407,173.116,4.435,3.938,3,1,Honda,sedan,gasoline,automatic,West,independent_dealer,5073.594,4039.466
CAR-P-01194,2016,9.752,171215.264,17897.437,2.260,262.328,6.764,8.462,3,0,Toyota,sedan,gasoline,CVT,Northeast,franchise_dealer,29104.375,29270.767
CAR-P-00563,2009,16.101,276291.984,16955.476,2.507,274.390,6.087,4.713,2,1,Honda,coupe,gasoline,CVT,Midwest,franchise_dealer,13918.130,13967.315
CAR-P-01288,2020,5.636,109977.250,18859.608,1.301,169.543,7.231,8.292,3,1,Toyota,sedan,gasoline,automatic,Midwest,private,17501.320,17867.194
CAR-P-01522,2013,12.040,182337.600,14850.638,2.310,229.421,6.946,5.962,1,0,Hyundai,hatchback,hybrid,automatic,West,independent_dealer,20851.956,21582.174
CAR-P-01568,2007,18.590,367850.120,19669.544,2.232,255.800,,6.746,5,0,Mercedes,sedan,diesel,automatic,Midwest,private,25100.597,25665.656
CAR-P-00456,2020,5.470,72348.795,14225.176,2.392,272.093,8.087,9.023,1,0,Toyota,SUV,gasoline,automatic,Midwest,franchise_dealer,,41158.411
CAR-P-01695,2017,8.272,110655.084,14206.307,1.846,170.377,7.085,4.553,6,0,Subaru,sedan,gasoline,automatic,Northeast,independent_dealer,14467.760,15197.289
CAR-P-00860,2023,2.980,41368.549,12497.757,0.831,116.156,8.441,8.497,3,0,Kia,sedan,diesel,automatic,Northeast,private,26690.711,27160.714
CAR-P-00312,2011,14.358,223605.494,15704.242,2.543,282.194,6.185,7.375,2,0,Subaru,coupe,gasoline,automatic,West,independent_dealer,12222.829,12529.291
CAR-P-01782,2019,6.373,92642.326,14344.438,2.060,226.355,8.979,9.631,2,0,Toyota,pickup,gasoline,automatic,Midwest,independent_dealer,31029.526,32111.190
CAR-P-00427,2013,12.335,176352.568,14268.411,2.392,251.667,6.269,5.742,3,0,BMW,sedan,hybrid,,South,private,24332.143,25180.578
CAR-P-01208,2022,3.440,40995.463,11601.953,2.008,276.725,8.769,9.107,1,0,BMW,sedan,gasoline,CVT,South,franchise_dealer,43516.885,44512.635
CAR-P-00146,2022,3.263,36675.774,11004.024,2.447,276.194,8.468,10.000,1,0,Toyota,SUV,diesel,manual,Northeast,franchise_dealer,45383.574,47428.970
CAR-P-01462,2018,7.624,64954.841,9210.600,1.499,166.989,,3.694,4,1,Toyota,sedan,gasoline,automatic,South,franchise_dealer,,10437.428
CAR-P-01654,2023,2.972,14999.126,7526.325,2.616,253.896,7.632,7.021,2,1,Honda,pickup,,automatic,West,independent_dealer,34208.800,34658.567
CAR-P-00628,2017,8.274,142391.375,17653.170,2.792,251.564,6.659,,4,1,Subaru,SUV,hybrid,automatic,South,private,20472.727,20940.064
CAR-P-01366,2014,11.508,145294.283,12314.485,2.360,390.609,6.649,6.642,3,1,Tesla,hatchback,diesel,automatic,West,franchise_dealer,37627.172,37914.108
CAR-P-00292,2015,10.053,123561.480,11794.380,2.255,229.020,,6.408,2,1,Subaru,sedan,gasoline,automatic,Midwest,franchise_dealer,17836.395,18073.874
CAR-P-01363,2021,4.680,47879.362,10736.605,2.386,381.365,8.892,7.965,1,0,Tesla,SUV,hybrid,manual,South,private,,55324.347
CAR-P-01564,2017,8.362,142507.064,17255.740,2.134,232.730,6.920,5.114,2,0,Hyundai,pickup,gasoline,automatic,South,independent_dealer,23226.267,23215.487
CAR-P-01373,2023,2.450,52214.866,25746.550,2.250,235.751,9.070,8.495,1,0,Kia,sedan,gasoline,automatic,Midwest,franchise_dealer,34678.432,35429.550
CAR-P-01583,2020,5.659,109019.206,18107.521,2.011,220.799,6.995,8.743,1,0,Toyota,coupe,gasoline,automatic,West,franchise_dealer,32204.245,32905.795
CAR-P-00360,2022,3.115,45236.504,16933.991,,287.856,8.144,7.625,1,0,Toyota,SUV,diesel,automatic,Northeast,independent_dealer,39853.590,40857.636
CAR-P-00859,2021,4.835,47301.681,11325.750,2.703,262.815,7.711,,2,1,Toyota,pickup,gasoline,manual,Midwest,independent_dealer,28376.833,29340.984
CAR-P-01207,2024,1.832,23752.526,13116.271,0.702,93.506,7.731,6.543,2,0,Hyundai,sedan,electric,manual,South,independent_dealer,25713.489,26051.284
CAR-P-00874,2017,8.372,98042.457,12081.749,2.741,263.985,9.251,7.707,2,0,Honda,pickup,gasoline,automatic,South,independent_dealer,31280.118,32356.908
CAR-P-00843,2010,15.530,288043.002,18334.645,2.053,207.436,6.261,7.915,3,0,Toyota,SUV,gasoline,automatic,Midwest,independent_dealer,11802.211,11566.054
CAR-P-01716,2021,4.723,87306.951,17516.817,2.570,258.082,,7.520,2,0,Honda,sedan,gasoline,CVT,South,private,30171.755,30859.094
CAR-P-01706,2018,7.187,144255.755,19527.383,3.273,317.518,8.597,,3,0,Ford,pickup,gasoline,automatic,West,independent_dealer,34764.655,36347.709
CAR-P-00473,2021,4.196,61854.659,14325.176,2.298,266.440,7.814,6.335,2,1,Hyundai,hatchback,gasoline,manual,Northeast,private,44040.817,46352.233
CAR-P-00613,2006,19.432,184424.156,9744.180,1.999,232.729,4.746,2.326,3,1,Ford,hatchback,gasoline,manual,West,franchise_dealer,1650.712,1200.000
CAR-P-00699,2016,9.832,177863.238,18947.644,2.187,208.850,6.829,8.656,3,0,Toyota,sedan,gasoline,automatic,Northeast,private,14718.147,15549.682
CAR-P-00297,2024,1.820,28279.198,15668.664,2.319,211.978,9.039,8.423,2,0,Ford,sedan,gasoline,automatic,South,independent_dealer,,31471.109
CAR-P-00372,2020,5.914,108553.141,17805.643,1.586,195.114,8.305,8.555,2,0,Hyundai,sedan,hybrid,CVT,Northeast,independent_dealer,23178.492,24019.635
CAR-P-00125,2020,5.654,88551.594,15576.164,,180.893,8.085,8.253,1,0,Subaru,sedan,hybrid,CVT,Northeast,independent_dealer,27889.756,28863.511
CAR-P-00764,2018,7.241,48144.287,6993.154,2.125,218.241,5.647,4.224,1,1,Honda,sedan,gasoline,automatic,South,franchise_dealer,18219.300,18881.670
CAR-P-01419,2014,11.657,163192.390,14468.634,1.889,198.953,7.168,5.653,2,0,Mercedes,SUV,gasoline,automatic,South,franchise_dealer,22504.904,22705.647
CAR-P-01551,2016,9.317,211251.992,22987.860,1.549,315.738,8.062,6.637,4,0,Tesla,hatchback,gasoline,automatic,Northeast,independent_dealer,30195.805,30969.310
CAR-P-00866,2022,3.901,40746.893,7504.540,0.700,110.505,8.124,8.526,1,0,Ford,sedan,electric,automatic,Northeast,independent_dealer,30790.939,31776.979
CAR-P-00082,2022,3.722,45489.082,12376.359,1.965,201.207,9.087,,3,0,Toyota,sedan,gasoline,automatic,Northeast,franchise_dealer,29226.043,30350.632
CAR-P-00213,2018,7.059,127718.669,17539.407,2.439,242.029,6.886,,3,0,Toyota,SUV,hybrid,automatic,Northeast,private,28646.933,29218.939
CAR-P-00311,2021,4.836,43206.353,8569.569,2.249,215.777,,,1,0,Hyundai,hatchback,gasoline,automatic,Midwest,private,25680.409,26772.515
CAR-P-00064,2010,15.324,319401.235,20493.157,2.297,249.243,5.975,6.807,5,1,Hyundai,hatchback,hybrid,automatic,South,independent_dealer,2585.763,1352.087
CAR-P-01355,2023,2.880,41094.032,13041.726,2.696,299.031,7.636,7.339,2,0,Toyota,SUV,hybrid,CVT,Midwest,independent_dealer,39204.913,40734.330
CAR-P-00973,2015,10.770,126600.292,10942.358,1.924,327.228,6.866,5.483,4,0,Tesla,sedan,diesel,automatic,Northeast,independent_dealer,26361.888,27572.666
CAR-P-00432,2013,12.232,180421.093,14580.386,0.700,226.458,6.450,6.677,1,0,Tesla,hatchback,electric,CVT,Midwest,independent_dealer,21470.235,22079.453
CAR-P-01054,2021,4.523,69039.414,14655.960,2.601,286.811,7.968,8.246,1,0,Mercedes,pickup,gasoline,automatic,Midwest,independent_dealer,42050.085,43854.055
CAR-P-00061,2025,0.787,20000.032,24195.185,2.677,271.673,10.000,9.587,1,0,Hyundai,pickup,hybrid,automatic,Northeast,independent_dealer,45151.291,47835.412
CAR-P-01519,2016,9.231,208095.026,21930.874,2.484,269.817,6.286,5.566,5,0,Honda,hatchback,gasoline,automatic,South,independent_dealer,18942.941,19199.126
CAR-P-01531,2023,2.357,52683.850,21940.079,1.778,174.784,9.052,10.000,2,0,Toyota,SUV,gasoline,automatic,South,independent_dealer,36799.034,37826.543
CAR-P-01097,2021,4.747,16645.141,3739.422,,230.102,8.138,,3,0,Toyota,SUV,hybrid,CVT,Midwest,private,,34400.952
CAR-P-00321,2021,4.366,54048.296,10680.080,1.920,210.625,,9.348,2,0,Ford,pickup,gasoline,manual,West,independent_dealer,31766.766,32436.550
CAR-P-01282,2023,2.800,36469.798,15347.145,,198.294,8.870,7.297,1,0,Hyundai,hatchback,gasoline,automatic,Northeast,franchise_dealer,32077.834,32872.919
CAR-P-01793,2022,3.858,71880.470,20220.432,2.782,272.126,7.914,8.976,2,0,Honda,pickup,hybrid,CVT,South,franchise_dealer,36975.678,39150.495
CAR-P-00273,2005,20.717,420000.000,21758.892,0.700,102.062,4.944,3.231,3,0,Toyota,sedan,gasoline,automatic,Northeast,independent_dealer,1846.192,1200.000
CAR-P-00232,2020,5.456,74565.775,13262.961,1.874,211.530,8.339,8.703,2,0,Kia,hatchback,gasoline,automatic,West,independent_dealer,24941.146,25675.968
CAR-P-00797,2007,18.629,320433.402,17323.612,1.735,207.029,5.546,7.585,7,0,Kia,SUV,gasoline,automatic,South,private,1409.199,1200.000
CAR-P-01120,2023,2.106,19749.768,8619.166,1.374,153.329,8.332,,1,0,Kia,SUV,,automatic,South,independent_dealer,35254.388,37116.663
CAR-P-00557,2021,4.623,76902.655,16561.078,3.091,288.574,7.563,6.900,2,0,Honda,pickup,gasoline,automatic,West,private,38508.842,40320.716
CAR-P-01104,2006,19.389,300742.436,15534.109,1.828,181.175,6.012,7.670,9,0,Toyota,sedan,diesel,manual,South,independent_dealer,,1200.000
CAR-P-00503,2010,15.220,186968.699,11903.210,2.603,247.672,5.220,5.120,3,0,Honda,pickup,hybrid,manual,Northeast,franchise_dealer,21257.278,21435.315
CAR-P-00060,2018,7.863,160981.049,20857.132,2.444,297.178,6.898,6.392,2,0,Toyota,SUV,gasoline,automatic,Northeast,private,27663.257,28310.060
CAR-P-01335,2019,6.455,114329.478,17138.743,2.423,230.865,7.061,6.112,2,0,Honda,SUV,diesel,manual,Midwest,franchise_dealer,28344.138,29608.253
CAR-P-01479,2021,4.140,61649.244,14787.944,2.137,210.259,,7.133,1,0,Hyundai,sedan,hybrid,,Northeast,franchise_dealer,31208.974,32410.010
CAR-P-01291,2018,7.799,94959.902,12213.170,2.286,196.547,7.073,,1,1,Honda,sedan,gasoline,automatic,Midwest,franchise_dealer,16062.542,16148.377
CAR-P-00344,2025,0.975,9373.676,10752.283,2.579,259.929,7.969,,3,0,Toyota,SUV,gasoline,automatic,West,franchise_dealer,41431.524,43838.740
CAR-P-00725,2015,10.527,124647.499,12473.754,1.789,157.547,7.387,8.858,2,2,Honda,sedan,diesel,automatic,South,private,12622.822,12935.163
CAR-P-00434,2016,9.105,98556.664,10617.169,,245.654,7.203,,2,0,Honda,sedan,gasoline,automatic,Midwest,independent_dealer,30924.480,32211.742
CAR-P-01659,2018,7.172,37676.869,5374.440,3.019,327.932,6.799,7.095,1,0,Mercedes,SUV,gasoline,automatic,Northeast,independent_dealer,43561.090,44514.626
CAR-P-01445,2022,3.975,47782.690,14272.571,3.090,282.994,7.460,7.771,4,1,Kia,pickup,hybrid,CVT,Northeast,franchise_dealer,34205.020,35836.861
CAR-P-00543,2018,7.215,99368.175,13107.891,2.011,192.525,8.735,6.771,5,0,Subaru,sedan,gasoline,manual,Northeast,independent_dealer,18981.329,19282.768
CAR-P-00050,2019,6.669,103078.704,15026.191,2.873,304.265,7.435,7.453,2,0,Kia,SUV,diesel,automatic,Northeast,private,,34815.892
CAR-P-01628,2008,17.285,262404.690,14935.188,1.054,124.663,4.910,4.218,3,1,Hyundai,hatchback,gasoline,automatic,Midwest,private,1493.798,1200.000
CAR-P-01750,2005,20.916,272004.009,12870.558,2.228,264.171,3.523,2.631,1,0,BMW,hatchback,gasoline,automatic,Northeast,independent_dealer,4895.377,4820.280
CAR-P-00395,2013,12.504,185285.240,15074.302,,211.398,4.786,5.668,4,0,Hyundai,sedan,hybrid,automatic,South,franchise_dealer,11442.841,10447.281
CAR-P-00722,2025,0.628,10931.804,13568.918,,200.756,8.873,9.047,2,0,Toyota,coupe,gasoline,automatic,West,private,39566.278,41610.348
CAR-P-00245,2023,2.164,38172.492,14802.898,2.834,295.396,,10.000,2,0,Mercedes,pickup,gasoline,automatic,Northeast,independent_dealer,49303.836,50982.807
CAR-P-00080,2018,7.929,124697.694,14901.025,,243.503,6.343,,2,0,Toyota,pickup,gasoline,automatic,Northeast,private,28692.876,29077.457
CAR-P-01742,2025,0.788,4034.813,6360.580,2.749,299.769,8.410,8.917,1,0,Toyota,SUV,gasoline,automatic,West,independent_dealer,29954.497,30978.793
CAR-P-00981,2020,5.485,80292.398,15316.603,1.265,148.069,7.216,7.858,2,0,Subaru,SUV,electric,automatic,South,franchise_dealer,28160.883,29130.984
CAR-P-00812,2024,1.578,33562.743,20034.471,2.588,303.307,8.139,8.804,1,0,Hyundai,coupe,hybrid,CVT,Northeast,private,42500.164,44288.581
CAR-P-00203,2019,6.519,89637.687,15134.366,2.226,219.584,7.546,6.906,2,1,Honda,hatchback,gasoline,automatic,West,franchise_dealer,20418.070,22088.008
CAR-P-00545,2024,1.985,20163.899,13395.792,3.054,316.280,8.867,8.709,3,1,Toyota,SUV,gasoline,automatic,West,independent_dealer,43141.240,45142.123
CAR-P-01203,2022,3.153,59629.011,18670.700,2.211,266.291,8.690,,2,0,Honda,SUV,gasoline,,Midwest,franchise_dealer,37749.166,39324.679
CAR-P-01480,2015,10.912,236896.175,21575.960,3.315,325.197,7.621,6.447,3,0,Toyota,pickup,gasoline,,South,private,26157.468,27122.264
CAR-P-00838,2023,2.775,45494.117,16889.248,2.072,351.657,7.759,7.935,1,0,Tesla,sedan,gasoline,automatic,Midwest,franchise_dealer,49074.455,50651.309
CAR-P-00726,2017,8.659,70054.739,8984.775,0.700,139.826,6.547,,2,0,Ford,SUV,electric,automatic,Midwest,independent_dealer,20979.284,21081.253
CAR-P-01300,2013,12.523,163493.538,13405.164,1.628,225.327,6.546,,1,0,Kia,coupe,gasoline,manual,South,franchise_dealer,15127.398,15471.947
CAR-P-01556,2016,9.414,160359.519,17727.170,,201.720,,7.136,3,0,Toyota,sedan,gasoline,automatic,South,independent_dealer,19906.064,20211.312
CAR-P-00582,2017,8.636,115865.242,13152.735,1.567,192.298,6.613,5.499,2,1,Honda,hatchback,gasoline,automatic,Northeast,independent_dealer,14045.046,15068.308
CAR-P-00105,2012,13.865,156177.302,11380.203,2.360,248.095,6.233,5.229,4,0,Ford,hatchback,gasoline,automatic,South,independent_dealer,16744.616,17276.458
CAR-P-01511,2019,6.741,86667.267,12586.997,1.118,120.591,,7.689,5,0,Toyota,sedan,diesel,CVT,Northeast,franchise_dealer,18921.030,19523.247
CAR-P-00387,2019,6.357,89101.793,12927.857,1.026,127.972,8.568,8.168,1,0,Kia,SUV,electric,CVT,West,private,26447.564,27806.963
CAR-P-00148,2023,2.788,41568.992,12544.246,2.069,201.867,9.979,7.445,1,0,Ford,sedan,gasoline,automatic,South,independent_dealer,,33637.141
CAR-P-01715,2018,7.218,132972.477,18333.548,2.777,276.869,7.811,6.568,1,0,Toyota,SUV,hybrid,automatic,Midwest,independent_dealer,29533.038,30917.055
CAR-P-01440,2020,5.389,55013.196,10114.155,1.846,210.355,8.590,8.235,4,0,Honda,sedan,gasoline,automatic,West,private,,24380.541
CAR-P-00448,2013,12.947,193478.489,15604.798,3.488,349.222,6.689,6.021,3,0,Ford,SUV,gasoline,automatic,Northeast,independent_dealer,24444.465,25000.152
CAR-P-01165,2023,2.567,42276.710,16425.620,2.214,217.879,8.240,10.000,2,0,Ford,pickup,electric,automatic,Midwest,private,,38798.599
CAR-P-00513,2008,17.122,166404.944,9607.941,0.700,238.822,6.088,6.721,4,0,Tesla,sedan,electric,CVT,West,independent_dealer,22570.672,23242.658
CAR-P-00603,2018,7.485,100534.155,14005.283,2.479,258.486,6.500,4.981,3,1,Toyota,SUV,gasoline,automatic,Northeast,franchise_dealer,22400.697,23026.171
CAR-P-00458,2025,0.315,300.000,16942.336,2.185,204.053,,10.000,1,0,Toyota,sedan,diesel,CVT,West,private,39503.040,41287.339
CAR-P-01481,2016,9.437,183978.178,19299.586,2.881,289.334,5.168,5.943,2,2,Kia,pickup,gasoline,CVT,South,independent_dealer,,8280.377
CAR-P-00275,2023,2.462,59850.075,21155.564,2.177,242.218,8.373,,4,0,Subaru,SUV,hybrid,automatic,South,franchise_dealer,37727.396,39501.854
CAR-P-00687,2018,7.834,142666.441,17637.104,1.414,160.964,7.021,5.378,2,0,Honda,pickup,gasoline,automatic,West,private,20600.556,21099.315
CAR-P-00129,2015,10.718,194895.981,17571.450,1.375,170.069,7.452,7.121,6,0,Hyundai,hatchback,gasoline,automatic,South,independent_dealer,10423.422,9796.228
CAR-P-00519,2021,4.362,49645.030,12853.299,3.220,329.759,8.369,8.769,2,0,Mercedes,pickup,diesel,automatic,West,franchise_dealer,49406.545,51373.262
CAR-P-00979,2022,3.534,66090.592,17611.214,2.001,334.209,10.000,10.000,2,0,Tesla,pickup,gasoline,automatic,South,franchise_dealer,55322.519,58111.881
CAR-P-01179,2024,1.905,20761.266,13166.512,2.808,280.544,8.200,7.634,2,0,Subaru,SUV,hybrid,automatic,South,independent_dealer,,42566.721
CAR-P-00139,2013,12.065,148316.378,11988.607,2.212,357.557,6.893,7.460,1,1,Tesla,SUV,hybrid,automatic,Northeast,franchise_dealer,36656.583,37498.709
CAR-P-01153,2013,12.242,132181.785,10938.212,1.364,154.386,4.544,4.476,5,2,Toyota,sedan,diesel,automatic,Northeast,private,1936.921,1200.000
CAR-P-00320,2023,2.667,44768.576,17663.442,2.485,238.496,,7.975,2,0,Subaru,SUV,gasoline,CVT,South,independent_dealer,,37583.512
CAR-P-01477,2023,2.993,15639.341,8878.813,3.122,346.027,,8.402,1,0,BMW,SUV,gasoline,automatic,Northeast,private,52773.460,55371.182
CAR-P-00691,2017,8.073,112350.656,13400.340,,177.323,8.465,8.692,1,0,Hyundai,sedan,gasoline,automatic,South,independent_dealer,20969.735,20969.753
CAR-P-00133,2024,1.194,15864.946,11835.857,3.016,326.384,8.468,8.825,1,1,BMW,SUV,gasoline,automatic,Midwest,franchise_dealer,50113.660,53076.648
CAR-P-00868,2020,5.608,69898.592,15425.217,1.814,212.049,,6.780,2,1,BMW,hatchback,gasoline,,Midwest,private,22640.838,23716.903
CAR-P-00410,2021,4.050,57700.713,15966.807,2.385,249.515,7.648,8.203,1,0,Toyota,SUV,gasoline,automatic,Midwest,franchise_dealer,36851.431,37625.100
CAR-P-01236,2021,4.674,57215.748,12233.252,1.067,149.346,8.769,8.850,4,0,Ford,hatchback,diesel,CVT,Northeast,independent_dealer,21479.542,22557.531
CAR-P-01189,2016,9.098,112756.493,13042.747,1.474,153.512,7.178,7.158,1,0,Kia,sedan,gasoline,automatic,West,independent_dealer,18142.183,18647.808
CAR-P-00267,2008,17.625,173819.938,10253.717,1.460,302.897,5.715,6.628,5,0,Tesla,sedan,electric,automatic,Northeast,franchise_dealer,25357.034,25788.886
CAR-P-01679,2006,19.503,203525.104,10690.310,2.772,291.309,4.156,5.256,3,0,Hyundai,pickup,gasoline,automatic,South,private,3087.679,2359.120
CAR-P-00089,2016,9.762,141503.702,15057.087,2.321,225.728,6.719,8.491,4,0,Toyota,sedan,gasoline,automatic,South,private,16732.998,16462.437
CAR-P-00397,2021,4.990,79674.976,16585.629,2.514,235.001,7.758,,2,0,Toyota,sedan,gasoline,automatic,South,independent_dealer,45443.421,47019.610
CAR-P-01675,2019,6.420,84398.203,13333.767,1.511,177.639,6.984,6.178,5,0,Ford,sedan,gasoline,manual,West,independent_dealer,,15614.543
CAR-P-00575,2025,0.276,7751.461,18447.671,1.927,209.677,8.232,8.219,2,0,Honda,sedan,gasoline,,West,private,,35630.483
CAR-P-00043,2003,22.000,359324.173,16616.428,2.106,216.044,5.391,7.050,5,0,Toyota,hatchback,gasoline,automatic,Northeast,independent_dealer,2566.450,1200.000
CAR-P-01325,2016,9.325,166810.508,17653.458,0.700,111.844,7.130,7.104,6,0,Toyota,hatchback,electric,CVT,Midwest,franchise_dealer,,15745.434
CAR-P-01239,2019,6.327,105560.811,16695.004,2.532,266.835,,,1,0,Honda,sedan,hybrid,automatic,Northeast,private,31585.051,32093.683
CAR-P-01589,2005,20.549,3227800.802,14478.487,3.153,317.875,6.160,4.815,3,0,Kia,pickup,hybrid,automatic,Midwest,franchise_dealer,9738.657,9982.276
CAR-P-01362,2019,6.051,102349.771,16407.667,1.463,182.333,7.954,10.000,1,0,Toyota,sedan,gasoline,CVT,Midwest,independent_dealer,26373.000,27268.273
CAR-P-01301,2007,18.705,387718.635,20511.063,2.493,242.698,5.735,3.130,2,0,Honda,SUV,gasoline,CVT,Midwest,independent_dealer,1918.043,1835.627
CAR-P-00210,2019,6.915,135537.659,20016.076,0.945,264.852,6.710,6.235,2,0,Tesla,SUV,electric,automatic,West,franchise_dealer,38600.588,40565.147
CAR-P-01563,2018,7.224,69651.727,10291.541,1.757,186.715,8.239,8.989,3,0,Ford,SUV,gasoline,automatic,West,independent_dealer,26979.540,28389.566
CAR-P-00651,2019,6.719,86659.105,12641.096,2.787,391.197,7.882,,1,0,Tesla,pickup,,manual,West,independent_dealer,47990.034,49972.146
CAR-P-00307,2020,5.003,92369.062,19600.063,1.807,206.940,8.571,8.263,2,0,Honda,SUV,gasoline,automatic,Midwest,franchise_dealer,31064.399,32045.574
CAR-P-01485,2017,8.763,130315.145,15059.731,1.476,166.651,5.818,3.789,2,2,Hyundai,SUV,electric,automatic,West,private,16002.461,15615.902
CAR-P-00514,2023,2.606,34638.804,12312.424,2.195,218.585,8.542,7.983,3,0,Ford,SUV,gasoline,automatic,South,independent_dealer,,37862.530
CAR-P-01343,2011,14.939,199913.075,12922.741,,224.352,4.820,4.872,4,1,Honda,SUV,gasoline,automatic,Northeast,independent_dealer,8891.003,8345.377
CAR-P-01548,2024,1.645,12166.194,11248.424,1.147,133.527,9.043,10.000,2,0,Hyundai,SUV,electric,automatic,West,franchise_dealer,,36749.224
CAR-P-00101,2020,5.936,87547.090,16126.995,2.386,247.466,7.257,7.949,3,0,Subaru,pickup,gasoline,CVT,South,private,,28978.888
CAR-P-01002,2021,4.073,64610.608,15231.199,1.937,201.393,7.701,6.957,2,1,Ford,sedan,diesel,CVT,West,independent_dealer,28573.804,29211.578
CAR-P-00916,2022,3.929,78973.010,18639.180,2.500,234.960,9.372,9.509,2,0,Kia,hatchback,gasoline,CVT,Northeast,independent_dealer,31547.867,32400.437
CAR-P-00405,2014,11.171,150456.437,14009.272,2.152,380.389,7.531,7.710,6,0,Tesla,sedan,gasoline,,Midwest,private,26508.780,27433.999
CAR-P-01229,2021,4.803,47561.914,10222.939,2.180,201.124,8.146,8.556,2,0,Kia,sedan,hybrid,automatic,Midwest,franchise_dealer,,30765.001
CAR-P-01631,2009,16.069,181573.679,11568.705,2.271,221.017,5.852,,5,1,Hyundai,SUV,gasoline,automatic,Northeast,private,8860.344,8268.358
CAR-P-00593,2020,5.056,56582.976,8857.448,2.242,226.205,6.943,6.264,2,1,Subaru,SUV,gasoline,automatic,Midwest,franchise_dealer,23517.721,24203.022
CAR-P-01797,2012,13.378,166295.050,12097.962,2.602,268.892,5.434,6.197,3,0,Honda,sedan,gasoline,automatic,Midwest,franchise_dealer,16337.149,16080.086
CAR-P-00776,2018,7.643,129226.829,16722.744,0.774,111.391,7.831,8.778,2,0,Toyota,SUV,electric,manual,Northeast,independent_dealer,24581.893,24403.279
CAR-P-01135,2013,12.141,199069.624,17336.720,2.060,228.215,7.005,6.608,2,1,BMW,hatchback,gasoline,automatic,West,franchise_dealer,18103.630,17960.268
CAR-P-01327,2014,11.534,185456.142,16175.280,2.893,304.524,6.328,,2,0,BMW,sedan,gasoline,manual,Northeast,independent_dealer,25491.318,26650.305
CAR-P-00986,2022,3.920,74736.038,17731.956,1.831,221.376,8.827,8.505,1,0,BMW,sedan,gasoline,CVT,South,franchise_dealer,35048.895,36392.161
CAR-P-01193,2017,8.543,84053.811,10338.105,3.523,353.394,7.402,6.748,3,0,BMW,pickup,gasoline,,South,independent_dealer,36556.716,37576.984
CAR-P-01163,2022,3.609,30299.204,9532.287,0.700,123.684,7.050,6.895,2,1,Toyota,sedan,electric,manual,Northeast,independent_dealer,24145.724,24722.261
CAR-P-00658,2020,5.180,63404.610,13083.550,2.612,255.638,8.662,9.205,3,0,Ford,SUV,gasoline,manual,Midwest,franchise_dealer,33322.271,34898.977
CAR-P-00783,2023,2.837,38712.468,14539.365,1.937,217.297,8.476,6.561,2,0,Honda,SUV,diesel,CVT,West,franchise_dealer,34465.403,35396.105
CAR-P-00828,2020,5.986,32208.146,5343.486,1.891,219.043,,5.651,2,0,Kia,SUV,diesel,manual,Northeast,private,,25156.256
CAR-P-00508,2020,5.980,107373.151,18264.378,2.708,256.408,,7.090,1,0,Subaru,pickup,diesel,automatic,Midwest,private,,36130.516
CAR-P-00419,2015,10.045,175553.582,17477.109,2.815,256.921,7.427,4.747,1,0,Toyota,sedan,gasoline,automatic,Midwest,private,,21880.944
CAR-P-00364,2018,7.729,87748.206,12186.901,1.797,195.070,6.492,6.993,3,2,Kia,sedan,hybrid,automatic,Midwest,private,17124.035,17083.303
CAR-P-01766,2019,6.526,112738.401,18367.849,2.681,246.517,6.793,7.765,1,0,Honda,SUV,gasoline,automatic,West,independent_dealer,29792.072,32079.024
CAR-P-01418,2018,7.112,68490.864,10266.457,2.685,260.146,7.961,8.973,3,0,Toyota,SUV,hybrid,automatic,South,independent_dealer,32266.838,34026.770
CAR-P-00258,2015,10.423,175391.615,16682.639,1.699,213.011,8.040,,5,0,Mercedes,sedan,hybrid,automatic,West,franchise_dealer,27203.684,29216.498
CAR-P-01361,2021,4.919,95220.924,20115.437,2.302,246.182,8.536,,2,0,Ford,sedan,gasoline,manual,Northeast,franchise_dealer,26946.698,27516.155
CAR-P-01549,2024,1.435,37915.081,25908.082,0.700,116.992,9.993,10.000,1,0,Hyundai,sedan,electric,automatic,Midwest,private,32796.129,34453.514
CAR-P-00844,2023,2.761,54017.771,18414.810,2.439,231.338,,8.410,2,0,Hyundai,SUV,gasoline,automatic,West,franchise_dealer,,40173.751
CAR-P-01223,2023,2.885,27573.531,7122.486,2.144,250.461,7.732,7.810,1,1,Toyota,hatchback,diesel,automatic,West,franchise_dealer,,34376.662
CAR-P-00079,2020,5.665,81953.866,13549.839,2.129,220.196,7.980,9.345,1,0,Ford,hatchback,gasoline,automatic,Northeast,independent_dealer,29134.855,29568.310
CAR-P-00768,2014,11.734,215556.792,18849.753,2.277,220.930,7.394,6.024,3,1,Kia,sedan,hybrid,automatic,South,independent_dealer,,8336.406
CAR-P-01624,2024,1.731,34598.336,15175.241,2.732,304.148,8.789,9.957,2,0,BMW,sedan,gasoline,CVT,West,independent_dealer,,51995.714
CAR-P-00327,2019,6.529,110584.647,15976.103,1.793,203.270,,10.000,4,0,Toyota,sedan,gasoline,automatic,Northeast,private,25629.913,26111.132
CAR-P-00135,2020,5.162,96833.076,19616.923,2.448,239.378,7.529,7.219,1,0,Ford,pickup,gasoline,CVT,West,franchise_dealer,27630.746,29271.063
CAR-P-00144,2023,2.173,45247.374,22785.246,2.522,303.076,7.852,9.128,1,0,Ford,coupe,gasoline,manual,Midwest,franchise_dealer,37634.952,39967.271
CAR-P-01394,2008,17.640,168143.243,9522.855,1.976,361.929,3.771,5.448,6,0,Tesla,sedan,gasoline,automatic,Midwest,franchise_dealer,17934.297,18801.857
CAR-P-01662,2003,22.000,301632.238,13721.427,2.013,224.235,5.033,,5,0,Toyota,sedan,gasoline,automatic,Northeast,franchise_dealer,1639.902,1200.000
CAR-P-00535,2013,12.014,195670.801,16689.208,2.785,262.868,6.197,6.137,2,0,Subaru,hatchback,gasoline,automatic,West,franchise_dealer,15415.345,15311.877
CAR-P-01651,2021,4.433,87848.429,20173.032,1.657,188.656,8.686,10.000,4,1,Ford,SUV,gasoline,manual,Northeast,independent_dealer,24921.787,25883.823
CAR-P-00784,2018,7.088,126141.674,18366.107,0.700,87.217,8.241,,3,0,Hyundai,hatchback,electric,automatic,West,independent_dealer,17294.692,16847.361
CAR-P-00780,2020,5.810,54081.303,10001.797,,314.305,8.367,6.985,1,0,Tesla,sedan,gasoline,automatic,Midwest,franchise_dealer,40374.011,42588.279
CAR-P-01644,2022,3.648,39092.208,11979.754,2.341,246.166,8.084,9.208,1,0,Ford,SUV,gasoline,automatic,South,franchise_dealer,32449.898,33907.193
CAR-P-00141,2018,7.482,1330806.189,19438.654,1.870,224.378,6.995,4.223,4,0,Honda,sedan,hybrid,automatic,South,private,22320.708,22434.245
CAR-P-01146,2016,9.101,41631.363,4179.142,3.253,355.066,7.084,7.457,2,1,BMW,hatchback,,automatic,Midwest,independent_dealer,35881.370,37701.101
CAR-P-00913,2022,3.217,35561.015,9900.323,1.794,221.473,7.788,9.505,3,0,Honda,hatchback,diesel,automatic,Northeast,independent_dealer,32062.974,33068.499
CAR-P-00242,2017,8.113,109104.099,13710.104,3.345,321.554,6.293,6.819,2,1,Mercedes,sedan,gasoline,automatic,South,independent_dealer,,32392.211
CAR-P-01727,2024,1.301,16534.596,14811.374,3.093,332.409,8.762,,1,0,Mercedes,SUV,hybrid,CVT,Midwest,private,52934.544,55317.425
CAR-P-01009,2024,1.930,25539.529,17311.478,2.277,390.359,8.890,9.217,2,0,Tesla,sedan,diesel,automatic,Midwest,independent_dealer,52418.443,55082.340
CAR-P-01637,2009,16.659,352227.839,21067.580,2.325,234.304,5.297,5.643,1,0,Toyota,SUV,gasoline,automatic,South,independent_dealer,10605.344,10383.535
CAR-P-01572,2022,3.971,61182.370,14219.315,,189.542,8.250,,1,0,Honda,sedan,electric,manual,Midwest,independent_dealer,,36643.994
CAR-P-01385,2017,8.733,147090.164,15806.734,,234.933,6.070,7.044,2,0,Honda,SUV,hybrid,automatic,Midwest,franchise_dealer,24555.042,25575.178
CAR-P-01247,2014,11.585,154913.652,13160.725,2.930,296.545,6.646,6.959,4,0,Toyota,SUV,,automatic,South,franchise_dealer,23383.511,24062.026
CAR-P-00304,2019,6.103,96249.291,15670.852,2.388,275.011,8.205,8.152,3,0,Honda,SUV,gasoline,CVT,South,independent_dealer,,32682.614
CAR-P-01311,2016,9.158,151690.736,15836.045,2.787,289.782,7.186,,3,0,Kia,pickup,gasoline,automatic,Midwest,private,26237.102,27627.421
CAR-P-01281,2016,9.382,113418.911,11559.576,,284.141,7.090,7.180,3,0,Hyundai,sedan,gasoline,CVT,Northeast,franchise_dealer,23719.029,24629.166
CAR-P-01610,2019,6.922,57199.677,8403.416,2.352,237.484,8.389,7.772,2,0,Subaru,hatchback,hybrid,automatic,South,franchise_dealer,29987.896,30983.214
CAR-P-00549,2024,1.362,33840.299,18730.771,2.504,263.523,9.080,9.616,2,0,Toyota,SUV,gasoline,automatic,Northeast,franchise_dealer,45033.147,46849.521
CAR-P-01664,2022,3.573,51945.748,13528.946,2.084,214.046,7.633,,3,1,Ford,SUV,diesel,automatic,Northeast,independent_dealer,31346.174,32611.551
CAR-P-01289,2019,6.773,86425.543,12540.232,2.797,260.494,,8.513,1,0,Kia,sedan,gasoline,manual,West,franchise_dealer,,30713.051
CAR-P-00666,2023,2.248,37320.118,15234.618,2.439,245.661,8.398,8.548,2,0,Subaru,coupe,diesel,CVT,Northeast,franchise_dealer,38843.086,40867.544
CAR-P-01365,2019,6.542,134896.800,20320.140,2.927,407.111,7.784,8.667,3,0,Tesla,pickup,gasoline,automatic,Midwest,franchise_dealer,49428.079,52076.198
CAR-P-00223,2025,0.617,9714.711,11232.723,2.421,270.207,9.677,,2,0,Honda,SUV,gasoline,CVT,Northeast,private,45282.233,47047.399
CAR-P-00787,2019,6.159,103886.423,17756.385,1.563,164.962,6.984,5.633,2,3,Hyundai,sedan,gasoline,automatic,Midwest,private,7267.820,7224.301
CAR-P-00525,2025,0.353,9107.250,13553.633,0.786,133.145,8.997,10.000,1,0,Ford,SUV,electric,automatic,West,independent_dealer,38920.214,40829.802
CAR-P-01119,2025,0.930,9791.572,13735.325,2.025,198.281,,10.000,1,0,Honda,SUV,gasoline,manual,South,private,41016.712,43223.652
CAR-P-00824,2022,3.185,55832.263,16167.416,1.319,306.399,8.852,8.439,1,0,Tesla,sedan,gasoline,automatic,South,private,44491.533,46509.611
CAR-P-00464,2017,8.801,103685.858,11809.643,2.233,240.039,8.876,9.521,2,0,Ford,SUV,gasoline,manual,Midwest,franchise_dealer,26978.843,27339.804
CAR-P-00324,2020,5.432,58751.565,10097.076,1.546,185.626,8.689,7.960,2,0,Honda,hatchback,gasoline,automatic,South,independent_dealer,29520.478,31745.517
CAR-P-01398,2023,2.711,46850.195,19052.349,2.797,285.570,8.604,10.000,1,0,BMW,pickup,gasoline,automatic,West,independent_dealer,49022.422,51172.730
CAR-P-00428,2014,11.490,124760.487,10920.488,2.780,272.089,6.410,6.482,4,0,Ford,pickup,gasoline,automatic,Northeast,private,16066.008,15547.784
CAR-P-00532,2022,3.057,51637.958,14849.744,2.301,229.108,8.618,6.653,2,0,Honda,SUV,hybrid,automatic,Midwest,independent_dealer,33607.331,34239.736
CAR-P-00063,2009,16.903,181303.648,10815.062,1.841,204.182,3.823,,5,2,Kia,hatchback,gasoline,manual,South,independent_dealer,1873.746,1200.000
CAR-P-00615,2020,5.393,66382.950,12094.928,1.876,197.925,7.335,5.779,2,0,Toyota,hatchback,gasoline,CVT,South,independent_dealer,24369.532,25184.440
CAR-P-01265,2021,4.529,67094.240,13824.001,2.453,240.783,7.522,8.540,2,0,Kia,SUV,gasoline,automatic,West,independent_dealer,,31298.312
CAR-P-00612,2015,10.363,191891.400,18869.258,2.457,276.800,6.140,4.309,4,1,Honda,SUV,hybrid,automatic,West,franchise_dealer,23846.150,24072.359
CAR-P-00547,2023,2.602,331440.081,12416.993,2.150,194.159,7.328,7.508,3,1,Toyota,sedan,diesel,automatic,Northeast,independent_dealer,25555.742,25980.661
CAR-P-00536,2015,10.677,207014.557,19382.555,3.081,301.466,6.179,5.079,5,0,Ford,SUV,hybrid,automatic,Midwest,franchise_dealer,,23968.606
CAR-P-00742,2022,3.020,37254.743,12814.296,2.638,260.589,7.366,,1,0,Kia,SUV,gasoline,automatic,West,private,,33108.932
CAR-P-01758,2017,8.506,112547.410,12694.272,1.890,340.063,6.534,5.176,4,0,Tesla,SUV,gasoline,automatic,Northeast,franchise_dealer,33920.369,35121.458
CAR-P-00136,2023,2.345,32857.770,13405.390,1.816,180.436,9.675,,3,0,Honda,SUV,,automatic,South,private,33766.312,35360.873
CAR-P-00683,2017,8.291,65888.472,8016.192,3.319,343.911,7.350,,2,0,Mercedes,SUV,gasoline,manual,Midwest,private,35298.035,36999.417
CAR-P-00356,2016,9.066,111041.561,12518.883,0.943,143.027,7.220,7.275,4,0,Ford,sedan,hybrid,automatic,Northeast,private,15477.911,16315.983
CAR-P-01217,2011,14.310,154493.587,10451.809,1.994,194.520,5.828,,3,1,Toyota,sedan,gasoline,CVT,Northeast,independent_dealer,10155.510,9294.194
CAR-P-00352,2019,6.260,89927.866,14474.204,2.030,354.864,6.893,8.901,2,0,Tesla,hatchback,hybrid,manual,Northeast,private,37653.207,38963.586
CAR-P-01728,2024,1.788,35220.162,19519.184,1.959,171.638,8.714,9.519,2,0,Ford,SUV,hybrid,manual,South,independent_dealer,,34657.086
CAR-P-01219,2022,3.792,50963.081,11325.988,2.135,224.580,7.222,,1,1,Subaru,pickup,gasoline,automatic,Northeast,independent_dealer,32283.639,33868.223
CAR-P-00704,2019,6.646,107131.401,16915.765,2.335,242.858,8.272,10.000,3,0,Hyundai,pickup,hybrid,automatic,Midwest,independent_dealer,34655.351,34919.867
CAR-P-01682,2018,7.966,113188.509,14539.409,2.620,284.610,6.948,6.556,4,1,Honda,SUV,gasoline,automatic,Midwest,private,25315.266,25544.414
CAR-P-00012,2019,6.953,79783.001,11084.287,0.961,123.766,6.921,5.959,4,0,Honda,hatchback,electric,,West,private,21684.405,22298.870
CAR-P-01537,2014,11.904,133382.408,11251.279,2.175,253.490,8.322,8.109,1,0,Toyota,SUV,gasoline,automatic,Northeast,private,23840.273,25007.222
CAR-P-00601,2015,10.943,95670.411,9500.192,1.820,215.084,7.172,7.176,2,0,Ford,sedan,diesel,automatic,Northeast,independent_dealer,22334.254,22324.138
CAR-P-01105,2017,8.144,96787.714,12018.717,1.828,195.955,6.515,8.452,1,0,Toyota,SUV,gasoline,CVT,West,franchise_dealer,26884.528,28159.300
CAR-P-00388,2023,2.436,49442.029,19951.453,2.101,258.504,7.258,5.876,1,1,BMW,sedan,hybrid,automatic,Midwest,independent_dealer,36122.906,37212.201
CAR-P-01521,2023,2.811,37608.370,15226.547,2.915,295.174,8.995,9.620,1,0,BMW,hatchback,gasoline,automatic,Midwest,independent_dealer,42334.058,44505.794
CAR-P-00228,2018,7.142,118231.182,16698.925,3.406,314.974,7.144,7.210,2,0,Hyundai,pickup,gasoline,CVT,Northeast,independent_dealer,29510.112,31556.015
CAR-P-01505,2021,4.616,60293.848,12558.320,2.199,221.627,7.970,7.647,1,0,Honda,sedan,diesel,automatic,South,franchise_dealer,27706.002,28280.013
CAR-P-00466,2017,8.206,110393.392,12659.768,2.183,242.583,,,3,0,Honda,hatchback,hybrid,automatic,Northeast,independent_dealer,27403.155,28695.866
CAR-P-00917,2015,10.625,170983.241,15719.983,1.055,131.826,7.391,6.154,5,0,Subaru,hatchback,gasoline,automatic,West,private,,11554.811
CAR-P-00097,2024,1.242,10513.060,10191.256,1.828,215.119,,7.715,2,0,Ford,sedan,gasoline,CVT,South,independent_dealer,29404.784,30028.702
CAR-P-00813,2023,2.703,52332.208,19369.399,1.107,145.402,,8.087,1,0,Kia,hatchback,gasoline,CVT,West,private,23741.397,23518.071
CAR-P-01340,2015,10.997,178711.209,16615.567,2.029,235.842,6.451,,2,0,Toyota,SUV,gasoline,automatic,Northeast,independent_dealer,17200.631,17868.055
CAR-P-00927,2021,4.141,62542.268,15686.479,2.148,212.584,7.718,9.236,3,0,Toyota,sedan,gasoline,CVT,Northeast,independent_dealer,28541.489,29458.778
CAR-P-00065,2024,1.735,37653.980,21269.427,1.909,235.106,8.614,,2,0,Mercedes,sedan,hybrid,automatic,Northeast,private,44555.119,45969.231
CAR-P-00500,2019,6.344,78150.508,12381.056,1.295,198.691,6.052,5.093,5,2,Mercedes,sedan,electric,automatic,Midwest,independent_dealer,,21165.342
CAR-P-00953,2024,1.480,26737.353,18445.624,1.341,177.458,8.175,7.571,1,0,Ford,coupe,gasoline,automatic,Midwest,independent_dealer,32562.625,33762.758
CAR-P-00524,2017,8.348,47474.082,5742.000,2.292,265.842,7.793,7.941,1,1,Mercedes,hatchback,gasoline,automatic,South,franchise_dealer,32007.206,32658.785
CAR-P-00830,2013,12.285,105961.306,8557.896,2.950,302.130,7.649,8.786,4,1,Mercedes,SUV,gasoline,,Northeast,franchise_dealer,34869.758,35550.872
CAR-P-01047,2020,5.462,97113.296,18378.491,,217.288,9.440,8.654,2,0,Honda,SUV,gasoline,automatic,Midwest,independent_dealer,33892.539,34718.398
CAR-P-00721,2022,3.922,69599.388,18482.281,2.252,238.087,7.317,,1,0,BMW,SUV,gasoline,manual,Northeast,independent_dealer,,40484.432
CAR-P-01611,2022,3.242,43195.449,14190.385,1.642,167.171,8.941,,3,0,Toyota,sedan,,automatic,West,franchise_dealer,31354.100,32615.865
CAR-P-00494,2018,7.895,120262.222,15513.639,2.057,360.790,,7.100,5,0,Tesla,hatchback,gasoline,CVT,Midwest,franchise_dealer,37629.548,39011.652
CAR-P-00081,2020,5.460,66400.399,11662.011,2.584,262.664,9.174,7.730,2,0,Honda,pickup,hybrid,CVT,West,franchise_dealer,38676.182,39444.754
CAR-P-01780,2023,2.950,83857.514,25056.970,2.155,218.213,7.857,8.434,3,0,Hyundai,SUV,diesel,automatic,South,independent_dealer,31807.026,32817.925
CAR-P-00656,2021,4.559,56343.049,11896.614,2.790,240.736,8.447,8.900,3,0,Honda,sedan,gasoline,automatic,South,private,30581.443,31534.715
CAR-P-00270,2017,8.252,195757.386,24323.310,2.300,241.797,7.628,8.708,2,0,Kia,SUV,gasoline,automatic,West,franchise_dealer,26470.084,25535.449
CAR-P-01606,2014,11.388,237997.965,20788.554,2.098,291.476,7.417,9.506,1,0,BMW,sedan,gasoline,automatic,Northeast,independent_dealer,33602.831,35118.235
CAR-P-00716,2019,6.223,98742.651,15734.334,2.523,274.530,8.261,8.984,4,0,BMW,SUV,gasoline,automatic,South,franchise_dealer,38773.457,40226.088
CAR-P-01388,2022,3.711,55664.370,16076.114,0.740,91.128,7.613,10.000,2,1,Kia,hatchback,electric,automatic,Midwest,independent_dealer,20436.085,20262.964
CAR-P-00092,2024,1.593,18811.967,10573.068,2.040,191.780,8.388,7.546,3,0,Ford,sedan,gasoline,manual,Midwest,franchise_dealer,26771.319,27649.911
CAR-P-00453,2021,4.717,83853.797,19435.084,,338.531,7.273,6.785,1,0,Tesla,hatchback,gasoline,automatic,Northeast,franchise_dealer,,44918.611
CAR-P-01057,2020,5.016,18177.326,4156.175,2.216,232.531,8.061,7.312,1,0,Hyundai,SUV,hybrid,automatic,West,franchise_dealer,,37226.272
CAR-P-01739,2011,14.951,120665.229,8179.320,2.605,292.435,6.285,,3,0,BMW,sedan,gasoline,automatic,Midwest,franchise_dealer,26692.784,27852.502
CAR-P-01574,2022,3.823,58863.981,14257.050,,310.793,7.714,7.346,2,0,Mercedes,SUV,gasoline,automatic,Northeast,independent_dealer,,44841.669
CAR-P-00475,2022,3.738,55529.476,13409.245,1.738,194.735,7.545,7.886,1,0,Ford,sedan,gasoline,automatic,Midwest,franchise_dealer,30198.782,30569.436
CAR-P-00969,2017,8.496,116339.266,13440.342,0.700,111.085,6.763,6.964,6,1,Kia,SUV,electric,automatic,Northeast,independent_dealer,13364.742,13680.131
CAR-P-00150,2006,19.837,272121.940,13876.430,1.934,200.838,4.829,3.867,8,0,Mercedes,hatchback,gasoline,automatic,Midwest,franchise_dealer,3295.284,2453.518
CAR-P-00590,2021,4.366,80560.805,19268.994,0.884,151.359,7.897,9.570,3,0,Honda,sedan,electric,automatic,Midwest,independent_dealer,28400.991,29658.873
CAR-P-01293,2023,2.795,44159.358,16982.638,2.849,282.023,8.546,9.976,1,0,Ford,pickup,hybrid,CVT,Northeast,franchise_dealer,44713.456,46414.774
CAR-P-01594,2023,2.302,35752.480,16205.582,0.700,277.272,9.097,10.000,3,0,Tesla,coupe,electric,CVT,Midwest,independent_dealer,52643.136,55355.858
CAR-P-01685,2020,5.583,83812.921,14620.652,2.860,253.937,7.479,7.349,3,0,Kia,SUV,gasoline,automatic,Midwest,franchise_dealer,30001.677,30523.003
CAR-P-01269,2015,10.021,165058.180,16660.662,1.961,330.413,7.706,6.864,3,0,Tesla,hatchback,,automatic,Northeast,independent_dealer,30502.795,31992.924
CAR-P-00256,2014,11.436,159413.207,14427.662,2.212,210.290,7.166,6.894,5,0,Toyota,SUV,gasoline,automatic,Midwest,franchise_dealer,,17101.120
CAR-P-00791,2025,0.965,13636.299,14279.138,2.213,218.595,10.000,9.959,1,0,Subaru,SUV,gasoline,automatic,West,franchise_dealer,42518.287,45114.270
CAR-P-00537,2018,7.720,95510.099,12356.633,1.585,176.669,6.976,,2,1,Ford,hatchback,diesel,automatic,Northeast,private,14588.506,14105.386
CAR-P-01753,2022,3.862,70106.662,18629.686,2.289,239.115,7.635,6.594,2,0,Hyundai,sedan,gasoline,automatic,Midwest,franchise_dealer,28728.754,28998.431
CAR-P-00040,2020,5.901,123225.547,21513.955,,199.916,6.604,,3,1,Hyundai,hatchback,gasoline,,Northeast,private,13386.163,13358.853
CAR-P-00912,2011,14.098,251247.623,17600.486,2.603,263.250,6.709,6.626,5,0,Ford,sedan,hybrid,automatic,Northeast,independent_dealer,,13238.922
CAR-P-01190,2018,7.268,81278.750,10443.296,2.270,221.991,6.529,6.241,1,0,Honda,SUV,gasoline,automatic,Northeast,private,24689.210,26155.873
CAR-P-00303,2023,2.190,23695.147,10282.844,1.838,190.083,10.000,8.893,1,0,Toyota,sedan,gasoline,automatic,South,independent_dealer,32044.932,34024.095
CAR-P-00597,2018,7.521,118445.647,16112.956,1.912,201.472,5.709,6.271,4,0,Kia,SUV,electric,automatic,Northeast,franchise_dealer,23788.707,24726.529
CAR-P-00970,2013,12.879,229579.122,17948.618,1.376,156.535,,7.379,3,0,Toyota,sedan,gasoline,automatic,Northeast,independent_dealer,8627.834,8530.253
CAR-P-00096,2024,1.329,24948.897,14949.414,2.375,211.080,10.000,10.000,1,0,Honda,hatchback,gasoline,CVT,Midwest,independent_dealer,,38642.683
CAR-P-00594,2003,22.000,204417.696,9355.184,2.271,256.553,3.754,4.432,5,1,Kia,SUV,gasoline,CVT,Midwest,independent_dealer,1504.401,1200.000
CAR-P-01411,2022,3.113,42362.269,16151.278,2.339,244.565,7.815,8.544,3,1,Ford,sedan,gasoline,automatic,South,franchise_dealer,15452.684,15087.041
CAR-P-01661,2011,14.986,241139.877,16040.094,3.239,343.532,5.628,8.106,2,0,Mercedes,pickup,gasoline,automatic,Northeast,franchise_dealer,28029.786,28978.360
CAR-P-00538,2017,8.422,57058.292,6467.739,1.403,171.411,7.046,9.111,2,0,Honda,hatchback,gasoline,automatic,Midwest,independent_dealer,21403.752,22046.976
CAR-P-00762,2011,14.307,248267.614,16566.192,1.766,219.718,5.540,5.357,3,0,BMW,sedan,diesel,automatic,South,independent_dealer,18275.112,18136.879
CAR-P-00149,2018,7.124,117820.070,17259.486,1.224,159.647,7.300,6.909,4,1,Ford,sedan,hybrid,automatic,South,independent_dealer,16147.552,16637.113
CAR-P-00997,2012,13.073,225193.073,17088.206,1.698,186.021,5.991,6.113,4,0,Toyota,hatchback,gasoline,automatic,Midwest,private,10428.938,10408.885
CAR-P-00527,2023,2.707,10430.707,4504.106,2.326,214.476,,8.679,4,0,Ford,sedan,gasoline,CVT,West,franchise_dealer,29395.357,30392.469
CAR-P-01045,2022,3.035,51881.107,16259.983,2.295,248.194,7.186,7.575,1,0,Toyota,SUV,hybrid,automatic,South,independent_dealer,40659.610,42698.266
CAR-P-01122,2023,2.709,39257.742,17783.831,1.859,176.628,8.810,8.445,1,0,Subaru,SUV,gasoline,automatic,West,private,33394.863,34269.411
CAR-P-01324,2022,3.089,34665.758,10716.480,2.231,209.121,7.117,7.510,1,1,Ford,sedan,diesel,,West,private,24829.763,25416.465
CAR-P-01533,2017,8.375,110595.260,13895.772,2.507,220.168,8.002,8.307,1,0,Ford,pickup,,CVT,Midwest,independent_dealer,26361.487,26556.326
CAR-P-01576,2025,0.319,2820.723,14747.960,1.948,203.513,9.625,8.660,2,0,Kia,SUV,hybrid,automatic,South,independent_dealer,39046.239,40743.390
CAR-P-00957,2018,7.970,155099.818,19874.005,2.417,260.296,8.772,8.105,4,0,Ford,SUV,gasoline,automatic,Midwest,independent_dealer,24490.295,25180.035
CAR-P-00811,2018,7.046,88344.149,12479.228,1.044,164.007,8.653,9.594,5,0,Hyundai,coupe,gasoline,automatic,West,independent_dealer,23912.187,23861.026
CAR-P-00005,2023,2.975,9813.307,6342.504,2.626,285.387,8.869,9.445,3,0,BMW,hatchback,gasoline,CVT,West,franchise_dealer,43481.767,46173.811
CAR-P-01283,2024,1.040,10971.274,15241.447,1.892,213.216,8.375,7.306,2,0,Toyota,SUV,hybrid,automatic,Midwest,private,35130.976,36977.192
CAR-P-01157,2012,13.420,180154.577,12574.843,2.318,263.421,5.432,4.705,2,1,Subaru,coupe,hybrid,automatic,Midwest,franchise_dealer,13076.091,12909.900
CAR-P-01427,2018,7.168,139845.036,20611.314,1.716,178.553,6.455,5.950,2,0,Honda,SUV,hybrid,automatic,South,independent_dealer,20718.264,21123.391
CAR-P-00491,2012,13.118,97798.675,7672.661,1.579,166.849,,,3,0,Honda,sedan,gasoline,automatic,South,private,10587.195,10530.942
CAR-P-00279,2015,10.406,189343.683,18601.619,0.700,118.777,7.693,8.178,2,1,Hyundai,sedan,gasoline,automatic,Northeast,franchise_dealer,5631.607,4485.941
CAR-P-00765,2023,2.879,36155.097,14054.246,,168.616,,9.678,2,0,Toyota,sedan,hybrid,automatic,Northeast,private,33987.281,35024.803
CAR-P-00338,2008,17.286,288518.348,16409.948,3.120,360.761,4.522,6.984,8,0,BMW,coupe,gasoline,automatic,West,independent_dealer,20232.985,20470.079
CAR-P-00890,2020,5.497,107629.504,19242.971,2.331,202.452,7.810,7.464,3,0,Kia,SUV,gasoline,automatic,South,franchise_dealer,24023.371,24424.722
CAR-P-00696,2018,7.965,160477.469,19507.464,2.514,272.490,6.424,3.868,3,0,Honda,sedan,gasoline,CVT,Midwest,private,18005.352,18838.331
CAR-P-01044,2007,18.506,60493.745,3500.000,2.311,258.109,3.845,3.738,7,2,Toyota,sedan,hybrid,automatic,West,franchise_dealer,,1200.000
CAR-P-00991,2023,2.495,34366.941,14510.032,1.782,313.197,8.506,8.199,1,0,Tesla,SUV,hybrid,CVT,West,franchise_dealer,51931.259,54723.414
CAR-P-00896,2012,13.383,298202.135,21964.084,2.445,225.359,4.646,4.635,4,1,Toyota,SUV,hybrid,automatic,West,private,,7600.936
CAR-P-01151,2017,8.244,85223.182,10408.810,1.593,171.454,6.268,5.553,7,0,Ford,SUV,electric,CVT,Northeast,independent_dealer,21368.788,21916.629
CAR-P-01168,2020,5.928,86669.115,13671.734,2.740,266.618,7.223,8.555,3,0,Ford,SUV,gasoline,automatic,Midwest,franchise_dealer,29142.506,30078.640
CAR-P-00340,2023,2.677,34035.861,10636.817,1.864,233.924,8.713,8.764,2,0,Toyota,coupe,gasoline,automatic,South,independent_dealer,39216.465,40077.827
CAR-P-01180,2024,1.036,23942.723,23336.457,3.314,309.005,,7.684,1,1,Ford,SUV,gasoline,automatic,Midwest,private,40078.879,41174.679
CAR-P-00888,2018,7.673,107072.435,14186.333,2.453,284.136,9.077,9.080,2,0,Honda,SUV,hybrid,manual,West,private,34840.115,36239.506
CAR-P-00357,2022,3.002,69129.256,21995.562,2.473,220.894,8.300,7.805,1,0,Subaru,SUV,gasoline,automatic,Northeast,private,34580.046,36588.380
CAR-P-01616,2021,4.335,69326.026,14921.971,2.224,211.552,7.949,6.822,2,0,Kia,sedan,gasoline,automatic,South,franchise_dealer,38569.945,39541.597
CAR-P-00863,2017,8.715,167802.890,19484.680,2.276,229.595,,6.683,2,2,Honda,SUV,hybrid,automatic,Midwest,private,16360.369,16901.965
CAR-P-00046,2017,8.778,141537.937,16680.179,,218.133,7.787,8.511,5,0,Kia,sedan,gasoline,CVT,Midwest,private,17726.021,17946.811
CAR-P-01112,2020,5.263,85215.016,16065.893,1.783,222.207,8.640,9.501,3,1,Subaru,SUV,gasoline,automatic,Midwest,franchise_dealer,31318.072,33100.538
CAR-P-00807,2011,14.279,217565.579,14915.617,2.015,386.017,3.913,5.294,4,0,Tesla,coupe,diesel,automatic,Midwest,independent_dealer,28948.685,29864.505
CAR-P-01765,2016,9.458,139129.297,14640.949,2.075,267.695,7.476,7.573,4,0,BMW,SUV,hybrid,automatic,Midwest,independent_dealer,34845.127,35640.254
CAR-P-01732,2003,22.000,405297.422,18583.573,1.908,226.955,3.449,2.835,4,1,Mercedes,hatchback,gasoline,CVT,Midwest,franchise_dealer,1746.678,1200.000
CAR-P-00956,2023,2.115,34620.913,12971.802,1.849,191.486,9.893,8.985,2,0,Toyota,sedan,gasoline,manual,Northeast,independent_dealer,33368.191,34676.559
CAR-P-00492,2022,3.855,65480.933,15340.197,2.638,251.664,8.114,10.000,1,0,Toyota,SUV,gasoline,automatic,West,private,37555.049,39296.347
CAR-P-00585,2016,9.936,180580.549,18742.618,2.359,380.459,7.389,,2,0,Tesla,pickup,gasoline,automatic,Midwest,franchise_dealer,41805.059,43580.549
CAR-P-00215,2020,5.303,69463.662,11754.072,1.646,165.853,6.820,6.279,3,0,Toyota,sedan,gasoline,CVT,Midwest,franchise_dealer,20241.845,20474.804
CAR-P-01116,2022,3.444,48587.105,14877.558,2.719,282.887,8.722,10.000,2,0,Toyota,pickup,gasoline,automatic,Midwest,franchise_dealer,,43537.917
CAR-P-00644,2015,10.628,159971.528,14366.043,2.322,243.986,6.589,6.046,4,1,Toyota,SUV,gasoline,CVT,South,franchise_dealer,14527.429,15097.518
CAR-P-00058,2023,2.888,42286.201,15380.088,2.833,254.514,6.761,,3,0,Toyota,SUV,gasoline,CVT,South,franchise_dealer,36947.009,38020.199
CAR-P-00029,2022,3.515,65299.840,17854.301,1.502,175.538,8.371,6.994,4,0,Ford,hatchback,gasoline,automatic,Northeast,private,22041.351,22033.658
CAR-P-01792,2013,12.806,181525.820,14197.654,1.928,185.080,7.354,9.089,6,0,Ford,SUV,gasoline,manual,Northeast,independent_dealer,13211.876,13327.671
CAR-P-00138,2021,4.988,80427.092,16217.192,2.672,258.151,8.736,,4,0,Ford,SUV,hybrid,automatic,South,private,31750.693,32263.541
CAR-P-01772,2014,11.250,190727.985,16804.607,,312.576,7.468,7.663,4,1,Toyota,pickup,gasoline,automatic,Midwest,independent_dealer,22962.006,23398.991
CAR-P-00204,2017,8.153,170031.996,20621.174,2.194,240.676,8.647,7.494,1,0,Toyota,SUV,gasoline,automatic,Midwest,independent_dealer,28674.689,29000.852
CAR-P-01663,2017,8.855,149406.158,16905.288,,266.538,5.780,8.305,5,1,Honda,SUV,diesel,manual,Midwest,private,17748.844,17566.367
CAR-P-00182,2019,6.224,94155.105,16199.370,1.504,174.647,7.456,9.029,1,0,Toyota,SUV,hybrid,manual,South,independent_dealer,27586.410,27888.405
CAR-P-00164,2011,14.105,326447.807,23469.186,0.700,106.059,5.078,5.522,8,0,BMW,sedan,electric,automatic,Midwest,private,4299.860,3128.977
CAR-P-00842,2017,8.175,135872.317,17399.427,3.120,322.536,7.501,7.248,5,0,Toyota,SUV,gasoline,automatic,South,independent_dealer,30052.535,31677.691
CAR-P-01213,2015,10.817,142485.466,12541.631,3.136,315.660,5.808,4.929,2,0,Kia,SUV,hybrid,automatic,Northeast,independent_dealer,,27483.681
CAR-P-00578,2019,6.999,126475.413,18796.114,2.646,270.310,8.695,7.501,2,0,Mercedes,pickup,gasoline,manual,Northeast,independent_dealer,36940.251,37811.907
CAR-P-00857,2024,1.424,20191.898,12852.344,1.716,196.967,8.655,8.343,3,0,Ford,pickup,diesel,automatic,South,private,34410.460,35448.444
CAR-P-00140,2020,5.946,134276.714,22569.087,2.854,304.601,7.881,7.926,2,0,Honda,pickup,diesel,manual,Northeast,franchise_dealer,36043.998,37826.477
CAR-P-00942,2005,20.667,389082.812,18855.025,1.773,178.242,5.081,5.687,3,0,Ford,hatchback,gasoline,CVT,West,franchise_dealer,2040.679,1200.000
CAR-P-00667,2016,9.117,176766.967,18587.205,2.318,239.837,8.352,7.363,2,0,Honda,sedan,gasoline,automatic,Northeast,franchise_dealer,23960.394,23427.821
CAR-P-00497,2018,7.245,152328.538,21205.587,1.608,169.444,8.770,7.053,3,0,Hyundai,pickup,electric,automatic,Midwest,independent_dealer,23951.593,24388.427
CAR-P-00103,2019,6.445,97409.013,15201.525,,182.078,6.799,5.446,2,0,Subaru,SUV,gasoline,CVT,South,franchise_dealer,24843.811,25815.343
CAR-P-01162,2018,7.738,97217.691,10464.518,3.622,464.645,6.796,,5,1,Tesla,pickup,gasoline,automatic,Northeast,private,41101.391,43793.443
CAR-P-00162,2023,2.838,59946.224,19298.754,1.540,173.610,9.403,8.042,2,0,Honda,hatchback,gasoline,automatic,South,franchise_dealer,31378.294,32175.675
CAR-P-01773,2021,4.797,91926.503,17729.426,1.999,231.139,,8.191,1,0,Toyota,SUV,gasoline,automatic,West,franchise_dealer,32161.496,33493.718
CAR-P-00286,2018,7.573,99777.069,13146.389,2.020,202.351,6.720,5.031,3,0,Hyundai,hatchback,gasoline,automatic,Northeast,independent_dealer,18110.246,18466.214
CAR-P-00556,2015,10.683,166144.505,15697.783,,85.772,7.960,,2,0,Toyota,hatchback,electric,automatic,Midwest,independent_dealer,,13131.896
CAR-P-00528,2011,14.229,219691.372,15494.887,1.876,199.403,4.641,5.377,5,1,Toyota,hatchback,gasoline,manual,Midwest,private,3320.821,1777.397
CAR-P-01788,2016,9.120,117762.374,11780.447,1.285,128.583,7.251,5.636,4,0,Toyota,sedan,gasoline,automatic,Northeast,private,16490.238,16860.918
CAR-P-01136,2018,7.358,99179.218,13973.208,0.700,93.619,8.415,7.279,2,0,Honda,sedan,electric,automatic,South,private,21303.421,21386.834
CAR-P-00571,2020,5.612,80131.173,15873.404,2.257,245.812,,9.306,2,0,Toyota,sedan,gasoline,automatic,West,private,31834.679,33172.833
CAR-P-00984,2020,5.687,131834.332,23536.030,2.252,242.087,6.416,6.171,2,1,Ford,sedan,gasoline,manual,Northeast,independent_dealer,21168.092,21651.058
CAR-P-01529,2020,5.351,84547.233,16257.225,1.781,169.820,8.963,8.000,6,0,Toyota,SUV,hybrid,CVT,Northeast,franchise_dealer,24942.530,24669.954
CAR-P-00404,2021,4.797,47371.798,11778.013,2.840,434.096,6.589,6.652,2,1,Tesla,SUV,gasoline,CVT,West,franchise_dealer,48908.797,51866.929
CAR-P-00477,2021,4.371,74727.130,18819.119,2.666,381.738,9.226,6.891,3,0,Tesla,sedan,diesel,,South,private,43595.221,45314.528
CAR-P-01337,2018,7.138,96018.360,13062.074,1.049,150.073,7.676,7.479,1,0,Subaru,hatchback,hybrid,automatic,Midwest,independent_dealer,21618.531,21956.790
CAR-P-01592,2006,19.012,272428.012,14706.120,2.203,226.692,6.378,6.209,10,0,Hyundai,SUV,gasoline,CVT,Northeast,independent_dealer,1075.837,1200.000
CAR-P-00993,2021,4.543,65474.884,15928.145,2.250,233.318,6.330,7.389,4,0,Ford,sedan,gasoline,CVT,South,private,23172.003,24310.179
CAR-P-00104,2022,3.096,30385.943,11991.948,3.267,454.242,7.836,7.995,2,1,Tesla,SUV,gasoline,automatic,West,private,55314.617,57756.848
CAR-P-01110,2010,15.349,241338.852,15766.032,2.172,255.864,5.581,5.424,2,0,Honda,coupe,hybrid,automatic,Midwest,franchise_dealer,19020.921,19604.118
CAR-P-00977,2018,7.671,163348.142,21440.627,2.417,264.376,7.701,7.688,3,1,Honda,SUV,gasoline,automatic,South,private,22464.421,23917.787
CAR-P-01036,2022,3.886,70491.830,18040.833,1.727,179.226,6.936,5.170,4,0,Subaru,SUV,gasoline,automatic,South,independent_dealer,26884.619,27106.825
CAR-P-00968,2022,3.129,47235.253,15225.067,2.554,407.107,8.223,7.080,2,0,Tesla,pickup,gasoline,,South,independent_dealer,54226.624,55992.706
CAR-P-01721,2021,4.824,62873.026,13054.056,2.225,208.645,7.872,8.857,4,0,Hyundai,sedan,,automatic,West,private,26789.118,27411.109
CAR-P-00903,2013,12.317,201457.149,16226.597,3.258,282.440,5.721,6.536,3,0,Toyota,SUV,hybrid,manual,South,franchise_dealer,24201.248,24698.342
CAR-P-01399,2024,1.894,31476.251,14394.848,2.033,211.153,7.278,8.316,2,0,Ford,SUV,electric,automatic,Northeast,franchise_dealer,,40234.392
CAR-P-01381,2023,2.200,34394.689,15448.705,2.571,272.961,7.981,8.747,2,0,Subaru,pickup,electric,automatic,West,independent_dealer,44064.692,45433.869
CAR-P-01150,2022,3.982,64162.496,16514.927,1.834,201.729,6.738,6.556,2,2,BMW,SUV,gasoline,,Midwest,franchise_dealer,29525.754,30276.887
CAR-P-01596,2024,1.171,19485.834,17195.112,2.284,234.065,7.607,8.894,1,0,Hyundai,pickup,hybrid,CVT,South,independent_dealer,40230.245,41023.774
CAR-P-00501,2020,5.080,74252.340,14880.082,1.870,186.478,,9.202,2,0,Kia,hatchback,hybrid,CVT,West,independent_dealer,31101.845,32033.161
CAR-P-00452,2013,12.964,143713.390,11400.571,1.918,209.616,6.262,5.110,5,1,Subaru,SUV,diesel,automatic,West,private,11840.753,11353.858
CAR-P-01698,2008,17.152,366070.013,21291.076,2.176,259.747,5.938,6.417,6,0,Mercedes,hatchback,gasoline,manual,Midwest,franchise_dealer,7042.223,7620.294
CAR-P-01400,2003,22.000,399041.505,18200.496,2.741,262.839,4.369,,2,0,Ford,SUV,gasoline,CVT,West,independent_dealer,,1200.000
CAR-P-00445,2010,15.275,289555.134,18852.310,1.641,168.544,6.193,5.609,4,0,Toyota,sedan,gasoline,automatic,Midwest,franchise_dealer,7730.857,7706.846
CAR-P-00191,2016,9.574,70787.419,8167.547,1.977,257.964,,7.430,4,2,BMW,sedan,gasoline,automatic,West,franchise_dealer,,23156.568
CAR-P-00733,2014,11.249,144801.196,12835.909,2.242,245.907,6.586,7.196,2,0,Honda,SUV,hybrid,automatic,South,private,23286.970,24200.120
CAR-P-01622,2021,4.001,82228.637,20570.313,2.693,328.650,6.910,8.633,2,1,Mercedes,pickup,gasoline,CVT,South,independent_dealer,38250.310,40481.762
CAR-P-00158,2022,3.711,46681.464,13997.772,1.423,162.671,9.734,10.000,1,0,Subaru,hatchback,diesel,automatic,Midwest,independent_dealer,30468.206,31533.019
CAR-P-00810,2024,1.649,36383.295,24315.713,1.483,170.014,8.957,,2,1,Hyundai,SUV,gasoline,automatic,West,independent_dealer,30642.571,30965.513
CAR-P-00137,2020,5.999,140471.296,23961.767,2.015,197.956,8.049,9.272,1,0,Toyota,SUV,diesel,automatic,Northeast,independent_dealer,31495.232,31827.464
CAR-P-00982,2017,8.587,43674.261,6014.057,2.455,207.199,8.245,7.526,3,0,Ford,SUV,gasoline,automatic,Northeast,independent_dealer,23245.799,24428.184
CAR-P-00573,2013,12.235,190828.727,15450.501,1.063,187.822,6.153,6.832,8,0,Kia,coupe,gasoline,automatic,Midwest,independent_dealer,5713.618,4449.556
CAR-P-00048,2016,9.232,140545.421,15246.608,1.117,126.287,8.424,7.085,4,0,Honda,sedan,diesel,CVT,Northeast,franchise_dealer,16702.053,16299.669
CAR-P-00383,2019,6.434,93634.371,15408.375,1.988,390.482,8.581,8.544,3,0,Tesla,coupe,gasoline,automatic,Northeast,franchise_dealer,49199.218,51746.885
CAR-P-00107,2018,7.903,141991.957,17800.354,,298.194,6.953,7.663,2,0,Ford,sedan,gasoline,,West,private,26023.543,26707.629
CAR-P-00915,2019,6.543,90792.253,14451.257,1.867,303.443,,7.592,2,2,Tesla,SUV,gasoline,automatic,Northeast,private,34734.402,36083.578
CAR-P-01353,2008,17.876,364912.972,20605.770,2.433,244.656,4.011,4.812,6,1,Subaru,hatchback,hybrid,automatic,Northeast,private,1608.333,1200.000
CAR-P-01768,2020,5.195,62593.098,11781.541,1.784,214.827,7.383,7.216,3,1,Toyota,hatchback,gasoline,automatic,West,private,24780.625,25375.379
CAR-P-01701,2003,22.000,254892.930,11706.088,3.091,294.421,,6.049,7,0,Honda,SUV,gasoline,CVT,South,franchise_dealer,2720.355,1200.000
CAR-P-00308,2021,4.805,73508.172,14878.623,,277.975,8.405,6.604,2,0,Toyota,SUV,gasoline,automatic,West,franchise_dealer,,36425.956
CAR-P-01428,2019,6.473,104277.468,16623.716,2.198,254.043,6.573,6.158,2,0,Mercedes,sedan,gasoline,manual,West,independent_dealer,33867.468,35230.815
CAR-P-00631,2020,5.028,101358.922,19959.749,2.556,280.115,7.957,8.315,2,0,Ford,SUV,,automatic,South,franchise_dealer,35426.815,34978.463
CAR-P-00560,2014,11.634,153685.866,13707.458,2.324,221.991,6.595,5.860,4,0,Kia,SUV,hybrid,CVT,South,franchise_dealer,11705.003,11538.100
CAR-P-01608,2011,14.561,243783.759,16724.260,1.557,178.633,,7.411,2,0,Honda,sedan,gasoline,automatic,West,independent_dealer,11898.796,12240.653
CAR-P-01032,2021,4.779,34678.920,5643.653,1.940,194.152,7.212,6.501,2,0,Toyota,SUV,gasoline,automatic,South,franchise_dealer,26345.498,27536.318
CAR-P-01175,2012,13.224,244716.364,18790.513,2.029,242.716,5.824,,2,0,Toyota,SUV,gasoline,CVT,Midwest,franchise_dealer,30472.295,31651.638
CAR-P-00685,2020,5.369,89054.235,16036.621,2.704,290.031,7.293,7.553,1,0,BMW,SUV,gasoline,automatic,Northeast,independent_dealer,42130.925,43850.011
CAR-P-00032,2022,3.589,59549.147,17008.885,1.470,193.916,8.360,8.832,2,0,Ford,sedan,gasoline,CVT,Midwest,independent_dealer,,29436.749
CAR-P-00178,2020,5.099,91026.288,17168.136,2.447,223.856,8.039,6.804,3,0,Honda,SUV,hybrid,CVT,South,franchise_dealer,,54254.899
CAR-P-00669,2018,7.160,132578.190,18412.667,1.343,160.063,6.374,5.658,2,1,Toyota,sedan,diesel,CVT,Northeast,franchise_dealer,17722.333,17098.074
CAR-P-00489,2019,6.159,97157.587,14583.921,2.912,302.661,7.028,4.720,3,0,Toyota,SUV,diesel,automatic,South,independent_dealer,31898.867,33225.864
CAR-P-01524,2020,5.912,113652.730,18929.200,0.879,142.381,8.655,8.717,2,0,Kia,pickup,electric,automatic,Northeast,private,,30240.590
CAR-P-00904,2018,7.203,103260.703,13944.017,2.248,257.098,8.379,10.000,2,0,Mercedes,sedan,gasoline,automatic,South,franchise_dealer,35969.858,37010.064
CAR-P-01350,2018,7.078,95317.547,12852.323,1.893,209.299,6.572,7.466,5,2,Honda,sedan,gasoline,manual,West,private,15637.915,14854.192
CAR-P-00290,2014,11.772,233161.793,19568.471,1.530,153.927,5.263,,3,2,Kia,hatchback,gasoline,automatic,Northeast,private,1382.592,1200.000
CAR-P-01338,2019,6.369,89542.177,13566.851,1.923,204.231,7.317,8.426,1,0,Kia,hatchback,hybrid,automatic,South,franchise_dealer,27707.608,28332.127
CAR-P-00539,2020,5.912,74428.663,12169.838,1.677,341.492,7.919,5.737,3,0,Tesla,sedan,,CVT,Northeast,franchise_dealer,43967.853,45887.383
CAR-P-01195,2022,3.330,46299.336,13360.809,2.995,332.924,7.501,,3,0,Toyota,pickup,hybrid,automatic,Midwest,independent_dealer,42808.194,44777.205
CAR-P-01169,2018,7.331,117528.124,15782.482,1.853,260.354,7.365,7.543,2,1,Honda,coupe,diesel,manual,West,independent_dealer,31479.510,31856.127
CAR-P-01741,2015,10.613,138464.574,12647.726,2.746,254.448,6.228,6.931,5,0,Kia,SUV,gasoline,CVT,Northeast,franchise_dealer,17720.644,17440.307
CAR-P-01027,2012,13.233,144028.111,10286.281,1.903,168.764,6.958,,3,1,Hyundai,sedan,gasoline,automatic,Northeast,private,7033.477,6903.747
CAR-P-00959,2021,4.635,72923.947,15450.197,1.951,214.227,7.951,6.569,2,0,Kia,hatchback,electric,CVT,Midwest,franchise_dealer,26491.377,27582.705
CAR-P-00920,2020,5.202,109141.747,20995.828,1.983,202.573,7.645,6.736,3,0,Hyundai,sedan,gasoline,automatic,South,franchise_dealer,24883.600,26177.366
CAR-P-00278,2012,13.701,136438.385,9847.063,1.721,210.418,5.871,7.260,5,0,Kia,hatchback,gasoline,manual,South,franchise_dealer,27261.900,28019.567
CAR-P-00390,2023,2.059,14075.733,11291.918,,243.573,8.171,8.031,2,0,Toyota,sedan,gasoline,automatic,Midwest,private,31658.495,32689.943
CAR-P-00832,2022,3.459,47939.960,14234.044,2.767,301.508,8.798,9.636,2,0,Toyota,SUV,diesel,CVT,Midwest,franchise_dealer,41089.907,41853.876
CAR-P-00496,2021,4.418,64505.832,13538.746,2.430,243.724,,8.577,1,0,Honda,hatchback,gasoline,automatic,South,franchise_dealer,34303.085,35318.882
CAR-P-01579,2019,6.495,126715.267,19962.217,0.774,88.955,6.221,7.978,1,0,Kia,sedan,electric,automatic,Northeast,independent_dealer,29294.551,30733.536
CAR-P-01333,2007,18.358,290596.016,16063.394,2.565,240.763,4.748,3.106,5,1,Hyundai,pickup,gasoline,CVT,Northeast,private,5400.942,4230.577
CAR-P-00031,2021,4.839,62513.842,12929.885,1.749,248.760,8.307,10.000,3,0,Hyundai,coupe,gasoline,CVT,West,independent_dealer,52171.449,54762.043
CAR-P-01723,2019,6.081,138147.427,22962.925,2.087,207.822,,,1,1,Kia,sedan,gasoline,automatic,West,private,,19716.388
CAR-P-00769,2023,2.438,38949.499,14954.911,1.998,216.411,9.984,8.427,2,0,Subaru,sedan,diesel,CVT,West,franchise_dealer,38343.525,40677.444
CAR-P-00396,2024,1.270,22559.687,11932.160,1.323,139.924,8.793,7.391,1,0,Hyundai,sedan,gasoline,automatic,West,independent_dealer,29880.952,30699.408
CAR-P-00322,2019,6.178,113390.602,17133.201,2.596,274.874,,8.484,2,0,Honda,sedan,gasoline,automatic,Northeast,private,28067.192,29574.293
CAR-P-01643,2021,4.725,82819.591,17425.128,2.470,250.397,8.021,,3,0,Toyota,pickup,diesel,CVT,Midwest,independent_dealer,29798.882,30671.591
CAR-P-01314,2019,6.222,83041.569,13093.089,2.481,281.530,7.880,,5,0,Hyundai,hatchback,diesel,automatic,Northeast,franchise_dealer,32061.754,32566.649
CAR-P-01254,2013,12.639,1412407.436,10354.941,1.718,225.285,5.901,,4,1,Hyundai,SUV,hybrid,CVT,South,independent_dealer,9478.678,8858.481
CAR-P-00926,2010,15.033,287645.394,19552.620,2.262,212.783,6.472,,4,0,Hyundai,SUV,hybrid,CVT,West,independent_dealer,15345.720,16047.179
CAR-P-01665,2015,10.705,158833.905,14352.773,,294.697,7.558,10.000,3,0,Subaru,SUV,gasoline,automatic,Northeast,private,31483.003,33213.890
CAR-P-01704,2015,10.738,232858.523,21495.305,1.959,187.721,6.922,6.998,2,0,Subaru,SUV,diesel,automatic,Northeast,independent_dealer,,19338.951
CAR-P-01021,2018,7.458,134316.364,18367.695,,269.149,7.548,8.820,6,2,Mercedes,SUV,diesel,manual,Northeast,private,28626.057,29244.016
CAR-P-01785,2022,3.520,22245.259,7320.383,2.822,288.964,8.374,8.424,1,1,Kia,SUV,gasoline,manual,South,franchise_dealer,34928.982,35734.052
CAR-P-00147,2003,22.000,404963.178,18147.703,1.884,214.351,4.390,3.695,3,0,Toyota,SUV,hybrid,automatic,West,franchise_dealer,5655.565,5164.533
CAR-P-01442,2020,5.070,69696.881,13023.767,2.606,276.616,8.097,5.977,2,1,Ford,hatchback,gasoline,automatic,Midwest,independent_dealer,28124.305,28496.926
CAR-P-00512,2010,15.333,185510.543,12225.580,2.709,316.427,6.800,6.731,7,0,Mercedes,sedan,hybrid,automatic,Midwest,franchise_dealer,,23085.045
CAR-P-00621,2019,6.405,113143.768,18316.924,1.730,206.196,8.044,9.440,2,0,Toyota,sedan,gasoline,automatic,West,independent_dealer,29871.697,31101.347
CAR-P-00827,2013,12.305,109682.118,9106.163,2.889,286.394,7.428,8.553,3,0,Toyota,pickup,gasoline,,South,private,25435.318,26257.819
CAR-P-00821,2022,3.279,33436.572,12591.231,1.834,202.799,9.462,8.449,3,0,Kia,sedan,diesel,automatic,South,franchise_dealer,,33908.443
CAR-P-01024,2017,8.334,153805.355,18066.355,2.125,289.953,6.534,7.183,5,0,BMW,coupe,hybrid,CVT,Midwest,franchise_dealer,29991.238,30526.250
CAR-P-00436,2023,2.050,31724.587,16075.642,1.748,233.768,8.015,,1,0,Ford,coupe,gasoline,automatic,South,franchise_dealer,34333.090,35062.064
CAR-P-00417,2017,8.213,111667.464,13602.856,2.788,265.473,7.982,7.740,3,0,Ford,pickup,hybrid,,Northeast,private,28490.961,29070.193
CAR-P-00018,2013,12.241,183793.390,14635.450,1.630,173.282,5.212,5.083,5,1,Hyundai,sedan,gasoline,manual,Northeast,independent_dealer,2571.705,1200.000
CAR-P-01192,2021,4.096,76062.233,17969.062,0.837,159.267,8.346,7.570,2,0,Kia,sedan,electric,CVT,West,franchise_dealer,,31006.555
CAR-P-01436,2020,5.290,75015.729,14399.601,3.183,294.339,7.067,,3,1,Honda,pickup,gasoline,CVT,West,independent_dealer,,36929.440
CAR-P-01197,2016,9.829,136652.960,14086.729,2.850,271.690,8.818,6.619,3,0,BMW,sedan,gasoline,automatic,Northeast,franchise_dealer,,25248.994
CAR-P-00376,2021,4.136,54619.522,13018.737,,233.039,6.249,,1,1,Kia,pickup,gasoline,automatic,South,franchise_dealer,24980.926,25667.667
CAR-P-01352,2020,5.824,106634.920,18960.632,1.147,127.869,7.346,5.339,1,0,Hyundai,hatchback,diesel,,Midwest,franchise_dealer,14319.806,15022.611
CAR-P-00584,2003,22.000,267288.849,12291.132,3.233,302.518,3.718,1.191,5,1,Honda,pickup,gasoline,CVT,Midwest,private,1964.109,1200.000
CAR-P-00091,2005,20.431,420000.000,20587.596,1.393,152.663,4.419,2.993,3,0,Kia,sedan,gasoline,automatic,South,independent_dealer,3028.632,1200.000
CAR-P-01073,2018,7.428,127382.175,16945.063,2.658,275.489,5.476,5.649,2,1,Toyota,pickup,hybrid,CVT,Northeast,independent_dealer,25991.158,26174.543
CAR-P-00938,2021,4.851,102561.285,21832.204,1.792,196.624,7.323,8.962,1,1,Honda,sedan,hybrid,CVT,West,independent_dealer,27096.770,28038.959
CAR-P-00709,2014,11.169,104729.575,9218.676,1.912,216.687,,9.470,4,0,Kia,SUV,gasoline,automatic,West,private,20103.621,20153.038
CAR-P-01220,2021,4.657,68564.896,15460.845,1.546,160.744,8.160,7.301,1,0,Toyota,sedan,gasoline,manual,West,franchise_dealer,28766.516,28975.033
CAR-P-00974,2015,10.940,181210.115,16451.085,2.846,319.040,6.892,6.734,3,1,Mercedes,pickup,gasoline,automatic,Northeast,franchise_dealer,27775.216,28433.409
CAR-P-00551,2024,1.241,17195.547,15627.378,3.001,337.832,9.239,10.000,1,1,Mercedes,SUV,gasoline,automatic,West,independent_dealer,,52715.822
CAR-P-01156,2021,4.340,43251.552,8584.746,3.709,353.921,8.534,,3,0,Honda,pickup,gasoline,automatic,South,independent_dealer,40170.586,41916.104
CAR-P-01717,2017,8.296,154322.762,19763.137,3.912,391.109,7.170,8.195,2,0,Hyundai,SUV,,automatic,South,independent_dealer,34011.507,35568.616
CAR-P-01461,2018,7.806,100779.164,12653.435,1.045,132.354,8.787,8.114,4,0,Honda,SUV,electric,automatic,West,franchise_dealer,26577.366,27264.367
CAR-P-00518,2019,6.623,181968.419,27642.077,1.603,208.047,7.156,7.073,3,0,Honda,coupe,gasoline,CVT,South,private,25411.743,25517.809
CAR-P-00266,2020,5.834,100587.366,16913.491,3.126,299.438,6.913,,1,1,Kia,SUV,gasoline,automatic,West,franchise_dealer,29300.244,30211.933
CAR-P-00908,2013,12.048,280789.801,22757.630,1.731,152.849,5.656,5.779,5,0,Subaru,SUV,hybrid,automatic,Northeast,independent_dealer,9039.227,8833.584
CAR-P-00777,2024,1.721,26572.260,17498.680,3.414,318.021,7.715,,1,0,Ford,pickup,gasoline,manual,West,independent_dealer,39389.763,41529.371
CAR-P-01262,2022,3.722,70022.753,17939.303,1.905,234.290,9.823,9.940,1,0,Honda,SUV,electric,manual,Northeast,franchise_dealer,45758.762,47321.513
CAR-P-00300,2023,2.690,36887.732,14387.314,0.700,101.869,9.319,9.166,1,0,Ford,SUV,electric,automatic,South,franchise_dealer,38317.345,39466.162
CAR-P-01463,2022,3.155,59563.886,16582.352,,143.507,,7.138,1,0,Hyundai,sedan,gasoline,automatic,South,private,19570.892,20396.913
CAR-P-00523,2022,3.749,87250.870,25167.807,3.459,361.646,7.528,7.357,3,0,Toyota,coupe,hybrid,automatic,South,franchise_dealer,45453.341,47062.723
CAR-P-00752,2018,7.289,85885.528,13304.291,2.815,333.574,7.160,5.576,4,1,Mercedes,pickup,hybrid,automatic,Northeast,franchise_dealer,40594.697,42190.441
CAR-P-01023,2016,9.498,186088.555,20158.543,1.739,193.637,8.128,6.422,3,0,Toyota,hatchback,gasoline,CVT,Midwest,franchise_dealer,22087.063,22909.011
CAR-P-01454,2015,10.372,175764.056,17360.456,1.755,196.373,6.235,4.920,6,0,Subaru,hatchback,gasoline,automatic,South,private,8041.440,7903.103
CAR-P-01755,2014,11.058,270968.390,24663.091,2.512,259.864,6.404,5.580,2,0,Ford,SUV,gasoline,,South,independent_dealer,17847.934,18017.490
CAR-P-00425,2021,4.233,63705.035,14310.867,2.383,222.888,6.869,6.008,2,1,Toyota,SUV,gasoline,manual,West,independent_dealer,24408.497,25616.057
CAR-P-01071,2018,7.311,107834.796,15199.557,2.739,282.990,6.847,7.553,1,0,BMW,sedan,hybrid,manual,West,independent_dealer,33743.573,34785.347
CAR-P-01508,2011,14.393,134270.947,9830.849,0.991,123.775,6.545,6.048,6,1,Ford,sedan,gasoline,automatic,Midwest,private,1936.016,1200.000
CAR-P-00705,2014,11.906,220219.747,18119.017,,260.640,7.691,5.095,2,0,BMW,sedan,hybrid,automatic,West,private,23635.969,24432.467
CAR-P-00918,2015,10.402,148581.090,14252.194,2.703,239.452,7.315,6.824,4,0,Toyota,SUV,gasoline,automatic,South,franchise_dealer,22998.269,23072.228
CAR-P-01786,2016,9.726,175251.707,18545.354,2.087,200.388,7.020,5.876,4,0,Toyota,SUV,,CVT,West,private,18175.144,18572.432
CAR-P-00559,2022,3.623,67110.617,19100.242,,204.423,6.628,5.624,3,2,Hyundai,hatchback,gasoline,automatic,Northeast,franchise_dealer,17443.449,17025.685
CAR-P-00160,2021,4.838,92246.745,19018.451,2.089,207.274,8.009,7.958,4,1,Subaru,SUV,diesel,automatic,Northeast,franchise_dealer,18979.065,19215.759
CAR-P-00402,2020,5.745,481806.765,7371.455,0.700,150.487,7.906,8.160,2,0,BMW,hatchback,electric,automatic,South,independent_dealer,34038.431,36332.074
CAR-P-01498,2012,13.250,192061.790,15053.536,2.508,240.447,6.103,4.012,4,0,Hyundai,sedan,gasoline,CVT,Midwest,private,7226.287,7550.239
CAR-P-00248,2014,11.671,111267.412,9914.956,2.317,227.761,7.245,7.020,4,1,Kia,sedan,gasoline,automatic,West,franchise_dealer,16472.148,16067.629
CAR-P-00684,2015,10.032,190832.934,18865.614,2.488,268.586,6.345,,4,0,Hyundai,sedan,gasoline,automatic,Northeast,private,13023.636,13104.495
CAR-P-00815,2018,7.757,73515.055,9615.307,1.873,204.065,7.418,6.046,4,1,Toyota,sedan,gasoline,CVT,South,private,19118.687,18458.177
CAR-P-00030,2004,21.275,326197.692,15294.233,,175.925,3.944,4.541,4,0,Hyundai,SUV,gasoline,automatic,South,franchise_dealer,1145.095,1200.000
CAR-P-00574,2003,22.000,302971.547,13770.965,1.652,192.637,3.769,5.559,8,2,Kia,SUV,gasoline,automatic,Northeast,independent_dealer,2394.679,1200.000
CAR-P-01161,2024,1.313,16790.692,17449.807,3.136,313.193,7.950,7.340,2,2,Ford,pickup,gasoline,manual,Midwest,independent_dealer,33368.164,34342.831
CAR-P-01313,2022,3.926,46551.361,11978.733,2.333,228.602,8.731,9.121,2,0,Ford,sedan,diesel,automatic,Northeast,franchise_dealer,29730.695,30594.894
CAR-P-00958,2007,18.744,420000.000,24217.819,0.718,77.306,5.526,6.531,6,0,Ford,hatchback,gasoline,automatic,South,independent_dealer,,1200.000
CAR-P-01645,2019,6.616,140348.615,19749.769,2.780,267.904,8.034,8.199,1,0,Toyota,sedan,gasoline,manual,Northeast,franchise_dealer,28557.609,30239.760
CAR-P-00788,2022,3.966,41556.406,10569.961,2.258,212.576,8.066,7.744,1,0,Toyota,SUV,gasoline,CVT,Northeast,private,32119.323,33974.775
CAR-P-00111,2022,3.102,68337.556,20534.450,2.293,233.917,8.450,7.872,2,0,Toyota,SUV,gasoline,CVT,West,private,35123.631,35376.544
CAR-P-00870,2023,2.562,41929.499,16108.283,1.756,217.771,9.076,8.988,1,0,Toyota,pickup,gasoline,manual,South,independent_dealer,35360.228,36508.909
CAR-P-01148,2023,2.325,23492.998,12698.998,0.700,136.027,9.144,10.000,3,0,Ford,coupe,electric,CVT,West,private,30640.204,32037.442
CAR-P-01133,2020,5.924,87505.430,15471.939,1.858,189.024,8.266,10.000,1,1,Subaru,SUV,gasoline,automatic,Northeast,independent_dealer,30167.871,31671.092
CAR-P-00924,2016,9.615,96269.116,9964.357,2.803,269.075,7.836,,2,0,Honda,sedan,gasoline,automatic,South,franchise_dealer,27692.842,28512.200
CAR-P-00051,2017,8.448,133911.592,15648.145,2.546,280.935,7.149,6.707,3,1,BMW,sedan,gasoline,automatic,Midwest,franchise_dealer,21357.787,22150.225
CAR-P-01230,2024,1.611,22118.562,11079.496,2.029,256.279,8.963,9.125,2,0,BMW,coupe,gasoline,automatic,West,franchise_dealer,49363.409,51480.204
CAR-P-01668,2013,12.372,129576.133,10441.198,1.742,174.832,7.855,7.629,1,0,Honda,SUV,hybrid,CVT,Midwest,franchise_dealer,31921.770,32646.206
CAR-P-00739,2022,3.152,56194.704,16879.605,1.703,201.477,8.742,9.080,1,0,Mercedes,SUV,hybrid,automatic,Midwest,independent_dealer,40610.907,41773.939
CAR-P-01284,2021,4.433,89933.617,21279.599,,232.379,,,2,0,Kia,SUV,gasoline,automatic,West,private,31125.794,32666.264
CAR-P-01464,2023,2.907,60665.790,21239.067,2.681,318.353,9.105,8.947,2,0,BMW,sedan,gasoline,automatic,West,independent_dealer,,47840.670
CAR-P-01015,2020,5.128,75303.170,16366.594,1.585,299.383,7.837,7.626,2,0,Tesla,sedan,gasoline,automatic,Midwest,private,37243.025,38376.852
CAR-P-00163,2022,3.346,67125.698,18282.584,1.953,212.750,9.459,8.811,1,0,Toyota,sedan,gasoline,automatic,Midwest,independent_dealer,33873.334,35360.978
CAR-P-01070,2015,10.370,156747.522,14795.625,1.573,213.229,7.367,8.585,7,1,BMW,sedan,gasoline,manual,South,franchise_dealer,17077.747,16882.104
CAR-P-01580,2016,9.972,208028.981,21807.352,0.700,130.045,5.794,6.890,2,1,Mercedes,SUV,electric,CVT,West,franchise_dealer,25428.722,26317.403
CAR-P-00440,2015,10.579,249463.211,23692.039,2.187,231.162,5.886,6.147,4,0,Toyota,pickup,hybrid,automatic,West,private,19489.524,20493.762
CAR-P-01431,2006,19.652,164063.206,8654.086,1.423,176.658,5.531,3.438,5,1,Toyota,coupe,gasoline,automatic,Midwest,independent_dealer,1492.471,1200.000
CAR-P-00714,2015,10.820,170685.068,16026.548,,121.294,7.549,6.513,7,0,Ford,hatchback,electric,automatic,Northeast,independent_dealer,13519.558,14021.574
CAR-P-01599,2018,7.002,84779.222,11480.587,1.656,182.054,6.668,6.421,3,1,Ford,hatchback,diesel,CVT,Midwest,franchise_dealer,,20984.254
CAR-P-01747,2017,8.170,71209.579,7973.971,2.791,245.545,7.042,7.166,2,0,Honda,SUV,gasoline,automatic,West,independent_dealer,27316.239,28683.986
CAR-P-00159,2018,7.491,128991.725,16944.584,3.250,479.278,6.168,6.838,1,1,Tesla,pickup,hybrid,CVT,Midwest,private,43749.376,46943.826
CAR-P-00988,2020,5.846,87337.902,15136.455,2.533,379.927,8.023,8.441,4,1,Tesla,hatchback,gasoline,automatic,Northeast,franchise_dealer,,54122.794
CAR-P-01550,2011,14.836,225221.647,15152.366,1.649,165.743,6.504,,7,0,Toyota,sedan,hybrid,automatic,South,independent_dealer,,27269.749
CAR-P-00301,2017,8.831,95939.449,10965.120,2.811,294.805,7.258,6.261,3,0,Subaru,pickup,gasoline,automatic,West,franchise_dealer,31504.594,32881.583
CAR-P-00630,2022,3.866,54779.605,15316.824,0.700,84.729,8.971,8.882,1,0,Ford,sedan,electric,automatic,West,independent_dealer,29473.197,29692.364
CAR-P-00011,2018,7.423,160797.583,21096.862,2.182,223.134,6.873,8.080,5,0,Ford,sedan,diesel,CVT,South,franchise_dealer,20628.555,20788.498
CAR-P-00026,2019,6.452,90652.031,14392.905,1.696,151.534,8.637,10.000,3,0,Honda,SUV,hybrid,CVT,Midwest,independent_dealer,31169.375,31573.342
CAR-P-00341,2011,14.378,248279.836,17243.811,2.547,270.198,7.107,,5,0,Mercedes,sedan,gasoline,CVT,West,private,15540.584,16143.240
CAR-P-01690,2011,14.044,191342.483,13542.289,1.975,227.166,5.563,6.737,5,0,Kia,SUV,gasoline,,Midwest,private,6079.828,5050.782
CAR-P-01253,2022,3.099,71288.320,25327.621,2.082,255.640,9.454,,2,0,Mercedes,sedan,gasoline,automatic,South,private,39562.726,40952.153
CAR-P-00893,2018,7.198,100627.509,13696.801,,343.850,7.192,6.232,2,0,Mercedes,sedan,gasoline,automatic,West,private,40178.554,42454.241
CAR-P-00124,2023,2.553,24817.080,10089.335,2.098,354.248,9.198,,2,0,Tesla,sedan,hybrid,automatic,West,private,51835.419,55520.481
CAR-P-01066,2020,5.609,29697.503,5926.201,1.285,143.094,8.206,9.308,2,0,Kia,sedan,gasoline,automatic,West,private,23465.267,22866.616
CAR-P-01124,2022,3.732,53000.992,13998.500,,186.734,7.275,5.554,2,0,Honda,hatchback,gasoline,,Midwest,private,21542.037,22348.037
CAR-P-01074,2023,2.977,40718.186,13284.558,2.094,247.298,8.951,8.101,3,1,Honda,sedan,gasoline,automatic,Midwest,franchise_dealer,,33121.096
CAR-P-00950,2021,4.819,87104.712,16279.908,1.516,305.180,,6.517,1,0,Tesla,sedan,gasoline,CVT,Northeast,franchise_dealer,38998.369,40384.461
CAR-P-01437,2024,1.617,32035.752,19098.353,0.700,144.938,7.288,8.095,2,0,Subaru,SUV,electric,automatic,Midwest,independent_dealer,,33240.999
CAR-P-00677,2018,7.190,96612.657,13281.263,2.633,289.054,7.946,7.156,2,0,BMW,SUV,gasoline,automatic,West,independent_dealer,37235.850,38395.208
CAR-P-01787,2018,7.629,88234.183,11730.704,2.134,238.235,6.702,8.478,3,0,Kia,SUV,gasoline,automatic,South,private,,28015.110
CAR-P-00936,2018,7.415,115134.221,14233.674,2.200,217.568,8.044,10.000,3,0,Toyota,pickup,gasoline,automatic,Northeast,private,25992.037,27091.138
CAR-P-00945,2019,6.807,121472.626,17671.613,,261.703,9.659,,3,0,Kia,hatchback,gasoline,CVT,South,private,28263.625,29238.402
CAR-P-01267,2024,1.906,29734.997,12430.679,1.977,217.418,7.977,7.539,1,0,Honda,sedan,gasoline,,West,independent_dealer,34562.259,35415.665
CAR-P-01215,2012,13.969,176488.075,12395.262,2.009,211.324,4.702,4.717,3,1,Toyota,SUV,gasoline,CVT,Northeast,franchise_dealer,12397.338,11502.347
CAR-P-01276,2022,3.064,49459.030,16660.683,3.523,324.329,7.514,10.000,2,1,Hyundai,pickup,gasoline,automatic,West,private,37198.418,38808.154
CAR-P-00763,2016,9.996,79401.978,7882.310,2.552,246.005,,7.290,2,0,Toyota,SUV,gasoline,automatic,Midwest,franchise_dealer,28600.346,29428.240
CAR-P-00961,2019,6.471,107752.686,16360.725,2.316,225.730,,6.291,4,0,Hyundai,hatchback,diesel,automatic,South,private,18470.808,18317.707
CAR-P-01176,2016,9.858,137991.572,14107.364,1.983,208.326,8.375,10.000,6,0,Hyundai,sedan,hybrid,CVT,Northeast,independent_dealer,19657.206,19726.734
CAR-P-01489,2020,5.532,1132158.391,20794.756,2.982,359.916,7.979,,2,0,Toyota,coupe,hybrid,automatic,West,franchise_dealer,46755.087,48779.689
CAR-P-00703,2018,7.967,142080.022,18020.826,1.835,210.102,7.986,6.699,1,0,Ford,SUV,gasoline,CVT,Northeast,independent_dealer,21238.747,21089.416
CAR-P-00643,2019,6.020,80741.339,13231.205,2.550,270.132,8.928,7.220,3,0,BMW,sedan,diesel,automatic,West,franchise_dealer,38465.834,40848.883
CAR-P-00800,2022,3.557,69262.481,18751.166,2.287,255.660,8.969,,1,0,Honda,hatchback,gasoline,automatic,Midwest,private,34534.968,36293.180
CAR-P-00165,2024,1.857,22843.699,13130.710,2.138,244.215,8.742,9.772,2,1,BMW,hatchback,diesel,automatic,West,franchise_dealer,41668.516,43416.292
CAR-P-00462,2021,4.428,58463.940,15304.961,2.453,232.699,9.548,10.000,1,0,Hyundai,SUV,gasoline,,South,private,34229.798,36473.274
CAR-P-00737,2019,6.051,48084.247,7932.045,2.298,218.381,6.722,6.395,1,1,Toyota,SUV,gasoline,automatic,West,private,26165.952,26450.335
CAR-P-00142,2016,9.214,179019.418,19189.136,2.967,303.091,7.725,9.163,3,0,Subaru,SUV,diesel,automatic,West,private,30428.646,31904.084
CAR-P-01178,2019,6.004,92309.574,15681.590,,348.420,8.589,10.000,2,0,Subaru,SUV,gasoline,CVT,Midwest,franchise_dealer,37508.924,38861.208
CAR-P-00100,2021,4.015,68406.671,16675.474,2.241,375.659,8.086,,1,0,Tesla,SUV,hybrid,automatic,South,independent_dealer,49680.959,52417.852
CAR-P-01334,2014,11.145,123773.824,10424.861,1.762,200.951,7.449,9.514,3,0,BMW,sedan,gasoline,automatic,Midwest,independent_dealer,26081.173,26307.435
CAR-P-00016,2017,8.402,69505.245,8770.023,2.250,245.946,5.967,7.230,7,2,Ford,SUV,hybrid,automatic,West,independent_dealer,19438.026,19565.843
CAR-P-00314,2017,8.320,95323.594,12298.404,3.300,314.327,7.306,8.118,1,0,Honda,sedan,gasoline,CVT,South,private,31433.236,32260.429
CAR-P-01096,2020,5.323,66419.696,12066.200,2.452,219.876,8.676,,4,0,Toyota,sedan,diesel,automatic,Northeast,independent_dealer,34602.525,35906.571
CAR-P-01512,2015,10.896,123398.782,11248.190,,167.103,6.497,,5,0,Ford,SUV,gasoline,automatic,West,private,12722.090,12754.351
CAR-P-01534,2016,9.536,137150.133,14760.687,2.506,247.109,6.666,9.760,2,0,Subaru,SUV,hybrid,CVT,West,independent_dealer,32829.592,33910.372
CAR-P-00022,2008,17.047,255166.035,15120.847,1.619,178.647,,3.319,5,1,Kia,SUV,diesel,automatic,West,franchise_dealer,4236.163,2930.641
CAR-P-00505,2021,4.977,67708.721,13120.332,1.767,198.346,,9.073,4,0,Hyundai,sedan,gasoline,CVT,Midwest,franchise_dealer,26633.208,27315.342
CAR-P-01272,2019,6.833,136000.943,20350.229,2.068,198.461,8.104,8.489,2,0,Toyota,sedan,diesel,automatic,Midwest,franchise_dealer,28905.584,29822.095
CAR-P-00342,2013,12.671,222063.310,17787.615,2.040,237.499,,5.248,4,0,Honda,SUV,hybrid,automatic,Northeast,franchise_dealer,17747.499,17836.500
CAR-P-01726,2020,5.231,77629.961,15013.645,1.869,197.135,6.582,4.816,3,0,Hyundai,sedan,gasoline,automatic,Midwest,franchise_dealer,19651.380,19932.611
CAR-P-00132,2024,1.488,19625.142,12109.298,3.021,280.380,8.740,10.000,2,0,Hyundai,sedan,gasoline,automatic,West,independent_dealer,41441.090,43887.965
CAR-P-00822,2018,7.670,79806.771,9864.904,2.232,238.701,7.776,,5,0,Honda,sedan,gasoline,CVT,Northeast,independent_dealer,22972.164,23253.294
CAR-P-01692,2022,3.774,53568.005,13345.792,2.709,257.385,8.961,7.727,2,0,Kia,SUV,gasoline,automatic,Midwest,franchise_dealer,33616.260,35363.723
CAR-P-01686,2024,1.457,24181.083,13926.272,1.052,149.796,8.140,8.883,1,0,Toyota,SUV,electric,CVT,Midwest,independent_dealer,56877.018,60461.535
CAR-P-01416,2024,1.003,14315.645,20164.492,1.667,147.507,8.484,9.430,2,1,Toyota,SUV,hybrid,automatic,Northeast,franchise_dealer,32924.869,33811.234
CAR-P-00409,2022,3.920,24420.156,7467.386,2.064,215.682,7.151,,1,0,Honda,pickup,electric,automatic,Northeast,franchise_dealer,39812.413,40981.864
CAR-P-01767,2019,6.651,31905.599,5097.272,2.780,264.867,7.531,8.987,2,0,Toyota,pickup,hybrid,automatic,West,independent_dealer,36877.698,39475.897
CAR-P-00947,2019,6.751,84631.683,12898.171,2.653,277.862,7.146,7.313,2,0,Honda,sedan,gasoline,automatic,Midwest,franchise_dealer,27669.577,28549.575
CAR-P-01069,2019,6.218,130519.605,21032.784,1.795,363.279,9.393,9.780,3,0,Tesla,coupe,gasoline,automatic,Midwest,independent_dealer,44855.758,47300.713
CAR-P-00605,2017,8.467,141492.441,16190.372,3.215,334.218,6.947,9.181,4,0,BMW,pickup,gasoline,automatic,Northeast,franchise_dealer,39650.695,41656.612
CAR-P-00744,2014,11.283,119582.257,10288.809,2.346,240.581,,,3,0,Hyundai,SUV,gasoline,automatic,Midwest,independent_dealer,15733.367,16221.793
CAR-P-00313,2022,3.034,39309.794,12715.547,2.626,257.681,8.054,10.000,1,0,Kia,sedan,gasoline,CVT,South,independent_dealer,33466.392,34829.152
CAR-P-01088,2017,8.864,99739.999,11159.007,3.295,334.284,7.412,,3,0,Honda,pickup,gasoline,CVT,West,independent_dealer,36979.332,39132.571
CAR-P-01719,2011,14.397,143938.613,9252.234,1.974,217.081,3.986,3.951,7,1,BMW,SUV,gasoline,automatic,South,private,6175.475,5363.997
CAR-P-00194,2021,4.125,49523.755,11052.824,3.163,310.884,9.559,9.225,2,0,Toyota,pickup,gasoline,automatic,Midwest,independent_dealer,43944.802,46131.597
CAR-P-01672,2014,11.954,181016.199,15495.300,,291.321,4.998,5.111,1,1,BMW,sedan,gasoline,CVT,West,private,,21286.107
CAR-P-00876,2020,5.989,104412.760,16984.632,2.697,287.189,8.803,7.920,4,0,Ford,SUV,gasoline,automatic,Midwest,independent_dealer,34231.872,35166.259
CAR-P-00891,2021,4.925,73013.093,14818.435,2.697,260.958,6.708,6.676,2,1,Honda,SUV,gasoline,automatic,West,franchise_dealer,31230.890,32837.456
CAR-P-00190,2025,0.648,7326.487,17072.911,2.871,274.202,8.924,10.000,1,1,Hyundai,sedan,gasoline,automatic,West,franchise_dealer,38464.914,40722.976
CAR-P-01691,2010,15.067,209900.658,13816.746,2.777,243.072,6.478,6.042,7,0,Honda,pickup,gasoline,automatic,Northeast,private,,20027.329
CAR-P-01494,2017,8.009,204090.918,25667.506,2.482,281.915,7.344,7.680,4,0,BMW,sedan,gasoline,automatic,Midwest,franchise_dealer,28447.936,29589.548
CAR-P-00211,2022,3.948,59709.655,12781.905,2.287,240.845,9.102,8.940,2,0,Ford,sedan,hybrid,automatic,Midwest,private,32424.251,33503.969
CAR-P-01702,2009,16.858,208690.625,12664.913,,195.757,,,4,1,Kia,SUV,diesel,automatic,South,franchise_dealer,,4360.127
CAR-P-01111,2013,12.114,68403.517,5603.841,2.413,365.260,4.607,5.024,6,1,Tesla,SUV,gasoline,automatic,West,independent_dealer,29733.444,30320.494
CAR-P-00814,2014,11.444,135948.899,11631.690,1.515,157.258,4.951,6.071,4,1,Subaru,SUV,gasoline,automatic,South,franchise_dealer,8957.509,8260.492
CAR-P-01795,2019,6.063,75194.707,11793.539,2.436,220.924,8.407,7.805,2,0,Ford,SUV,gasoline,automatic,West,private,,29075.607
CAR-P-01635,2011,14.771,290347.539,19738.640,2.073,230.627,6.815,,2,0,Ford,sedan,gasoline,automatic,Midwest,private,7796.553,7146.655
CAR-P-01639,2023,2.116,7817.958,7324.893,1.653,152.462,8.468,,1,0,Subaru,SUV,,automatic,South,franchise_dealer,31179.822,32878.928
CAR-P-01417,2019,6.913,90411.163,13201.125,2.145,245.279,8.545,7.781,3,0,Honda,SUV,gasoline,manual,South,independent_dealer,31489.893,32712.667
CAR-P-00008,2018,7.023,120643.799,16891.018,3.031,275.436,7.997,10.000,3,0,Kia,pickup,diesel,automatic,South,independent_dealer,34206.761,35293.674
CAR-P-00803,2022,3.960,26499.959,9164.563,2.256,217.223,7.526,8.826,1,0,Kia,SUV,diesel,automatic,West,franchise_dealer,34828.589,36671.411
CAR-P-01449,2017,8.973,121349.778,13802.760,1.912,185.616,7.097,7.384,3,0,Toyota,SUV,gasoline,CVT,South,franchise_dealer,24189.201,24717.459
CAR-P-01345,2017,8.004,90690.502,9995.324,2.233,257.537,7.042,6.608,3,0,Kia,coupe,gasoline,CVT,West,independent_dealer,26007.944,27094.698
CAR-P-00381,2013,12.747,203956.275,16609.994,1.190,289.947,7.261,,4,0,Tesla,coupe,gasoline,automatic,West,private,25068.139,25086.011
CAR-P-00176,2024,1.751,27532.119,17132.339,3.059,311.784,8.935,10.000,1,0,Subaru,SUV,gasoline,manual,West,independent_dealer,48124.923,50080.452
CAR-P-00306,2013,12.628,209774.119,16350.662,,278.195,7.040,5.574,1,0,Kia,SUV,gasoline,automatic,Northeast,franchise_dealer,25104.812,25076.789
CAR-P-00206,2024,1.289,11285.040,9148.190,0.700,110.492,9.889,10.000,1,0,Ford,sedan,electric,automatic,South,independent_dealer,33129.212,33203.714
CAR-P-01488,2005,20.136,74259.766,3688.542,2.259,233.937,4.080,4.527,4,1,Honda,SUV,hybrid,CVT,Midwest,independent_dealer,,5047.261
CAR-P-00781,2016,9.753,242861.452,24396.628,1.889,208.586,6.041,7.831,2,0,Toyota,SUV,gasoline,automatic,West,franchise_dealer,20762.431,21307.327
CAR-P-00302,2023,2.563,47511.381,15554.324,1.900,234.918,8.222,9.308,2,1,BMW,sedan,gasoline,automatic,West,independent_dealer,37503.498,39540.485
CAR-P-00371,2019,6.394,89150.932,13080.710,2.318,243.378,,9.506,3,0,Ford,sedan,gasoline,,Midwest,franchise_dealer,26018.518,26820.952
CAR-P-01222,2017,8.114,126635.088,15242.765,2.295,259.995,7.080,,3,0,Kia,pickup,gasoline,CVT,West,private,23950.154,25171.766
CAR-P-00511,2024,1.546,21913.630,11403.353,2.190,223.706,8.754,8.547,3,0,Honda,sedan,gasoline,automatic,Midwest,private,34366.211,35521.739
CAR-P-00925,2021,4.724,74546.761,15353.559,2.552,265.457,8.498,,4,0,Mercedes,SUV,hybrid,CVT,South,private,39080.003,40076.593
CAR-P-00241,2013,12.516,163112.367,13732.281,2.267,225.951,5.284,5.046,6,1,Subaru,sedan,gasoline,,South,franchise_dealer,5048.212,4251.126
CAR-P-00130,2020,5.007,92603.899,17997.679,2.460,259.844,8.119,10.000,2,0,Toyota,SUV,hybrid,automatic,Midwest,franchise_dealer,,36613.071
CAR-P-01709,2019,6.933,91166.286,12702.637,1.631,279.489,6.857,5.363,5,1,Tesla,hatchback,diesel,manual,South,private,23562.913,24294.087
CAR-P-00785,2010,15.875,405733.003,25333.107,1.722,298.500,5.737,7.734,4,0,Tesla,sedan,diesel,automatic,South,independent_dealer,19342.611,19543.358
CAR-P-01613,2020,5.927,87410.649,15090.434,2.222,237.871,8.181,9.462,5,0,Hyundai,coupe,diesel,automatic,Northeast,independent_dealer,28972.739,30263.568
CAR-P-00379,2023,2.261,43144.459,21360.153,1.646,173.174,7.333,7.711,1,2,Toyota,SUV,gasoline,automatic,Northeast,franchise_dealer,,29671.979
CAR-P-01316,2020,5.270,83933.102,15932.806,1.831,194.816,8.192,8.360,1,0,Hyundai,hatchback,gasoline,automatic,South,franchise_dealer,27202.667,27945.989
CAR-P-01459,2020,5.261,37800.018,7019.973,1.438,173.039,8.849,,2,0,Subaru,sedan,electric,CVT,Midwest,independent_dealer,,34917.116
CAR-P-01275,2018,7.333,113961.659,15044.658,1.819,184.096,7.523,7.304,3,1,Ford,sedan,gasoline,automatic,West,independent_dealer,22217.289,23428.934
CAR-P-01167,2016,9.110,75174.560,8309.705,2.307,228.870,6.688,8.310,3,0,Ford,sedan,gasoline,automatic,Midwest,independent_dealer,19515.238,19444.087
CAR-P-00289,2017,8.372,69901.606,8008.052,2.658,276.485,9.246,9.729,2,0,Ford,SUV,diesel,automatic,West,private,,41527.421
CAR-P-00724,2012,13.220,202513.230,14941.293,1.341,314.939,7.080,,5,0,Tesla,sedan,gasoline,automatic,Midwest,franchise_dealer,33128.542,34049.360
CAR-P-00351,2017,8.131,1288561.018,15327.502,1.935,194.287,8.147,6.903,3,0,Honda,SUV,hybrid,manual,South,private,19885.398,20453.436
CAR-P-00591,2021,4.136,64834.877,15289.073,0.700,89.619,7.452,6.402,1,0,Honda,SUV,electric,automatic,Midwest,independent_dealer,23616.036,23677.568
CAR-P-01798,2013,12.325,211215.518,17518.987,,186.084,7.541,5.984,2,0,Kia,hatchback,gasoline,automatic,West,independent_dealer,,11552.372
CAR-P-01395,2018,7.192,106167.425,13932.382,1.900,192.480,6.212,7.234,4,1,Hyundai,SUV,diesel,CVT,West,independent_dealer,20521.179,20370.985
CAR-P-00510,2020,5.566,63479.468,11658.883,0.700,99.464,7.675,8.923,2,1,Honda,hatchback,electric,CVT,South,private,18221.628,17946.158
CAR-P-00522,2020,5.692,84378.159,14314.940,2.100,232.995,8.193,10.000,3,0,Subaru,SUV,gasoline,manual,South,private,,27918.788
CAR-P-00218,2018,7.007,57136.927,9145.354,,229.124,6.986,6.014,1,1,Ford,hatchback,gasoline,automatic,West,private,21957.059,23755.177
CAR-P-01038,2021,4.133,88891.464,21950.686,3.147,316.370,10.000,9.577,2,0,Toyota,SUV,gasoline,,South,franchise_dealer,43062.277,44663.003
CAR-P-00711,2018,7.171,119743.826,16049.971,2.177,218.313,9.274,8.659,5,0,Honda,sedan,gasoline,automatic,Northeast,independent_dealer,27192.344,28753.324
CAR-P-01386,2018,7.613,132554.531,18345.076,2.093,353.410,6.780,6.447,2,0,Tesla,SUV,diesel,CVT,Midwest,independent_dealer,35673.301,37079.799
CAR-P-01052,2021,4.835,58863.726,12821.056,1.979,216.334,8.209,9.512,2,0,Ford,sedan,hybrid,CVT,West,independent_dealer,29208.329,30223.271
CAR-P-01401,2012,13.194,263970.972,20028.758,2.760,284.034,5.467,3.397,3,0,Honda,pickup,hybrid,automatic,Midwest,franchise_dealer,17608.135,17174.826
CAR-P-00931,2023,2.395,61599.617,21803.386,2.282,235.710,6.762,7.065,1,1,Kia,SUV,diesel,CVT,Northeast,independent_dealer,32899.482,34076.899
CAR-P-01347,2020,5.655,52899.336,9707.255,0.700,105.917,8.257,9.144,3,0,Toyota,sedan,electric,manual,Northeast,independent_dealer,26192.764,28070.381
CAR-P-01684,2019,6.756,98278.559,14611.090,2.806,274.516,,8.369,2,0,Ford,pickup,diesel,automatic,Northeast,private,34007.253,34572.206
CAR-P-01497,2022,3.429,59259.202,17249.220,2.016,250.652,8.365,8.424,2,0,Ford,sedan,gasoline,CVT,Midwest,private,28459.843,29096.207
CAR-P-00077,2018,7.759,103193.534,12792.393,1.932,259.163,5.933,5.142,1,0,Hyundai,coupe,diesel,automatic,West,franchise_dealer,27894.628,27991.525
CAR-P-00674,2016,9.692,162885.303,16298.877,2.503,283.768,6.659,5.963,3,1,BMW,pickup,hybrid,automatic,South,franchise_dealer,,33276.727
CAR-P-00337,2015,10.224,146317.777,14778.830,1.709,189.355,6.526,7.562,4,0,Toyota,hatchback,hybrid,automatic,South,independent_dealer,10439.084,10846.397
CAR-P-01060,2019,6.626,135049.784,20581.160,2.391,263.543,9.190,7.680,3,0,Subaru,SUV,gasoline,manual,Northeast,franchise_dealer,31841.974,32476.913
CAR-P-00999,2019,6.170,112179.793,17551.314,2.382,209.557,7.465,,1,0,Hyundai,sedan,gasoline,automatic,West,private,23244.942,23233.666
CAR-P-00361,2024,1.761,7440.253,5266.130,2.844,287.587,7.818,9.674,1,1,Hyundai,sedan,gasoline,automatic,South,independent_dealer,35919.962,37300.505
CAR-P-01108,2003,22.000,192426.046,8904.480,2.341,265.068,4.636,,5,0,Honda,sedan,hybrid,automatic,South,franchise_dealer,5423.818,4034.963
CAR-P-00262,2022,3.850,44974.310,10833.111,2.895,267.992,8.224,7.765,1,0,Kia,SUV,diesel,automatic,South,independent_dealer,35364.410,36211.060
CAR-P-00673,2016,9.802,121460.113,12394.335,1.858,224.380,5.917,7.360,3,1,Kia,sedan,gasoline,automatic,West,independent_dealer,16085.004,16152.518
CAR-P-01455,2021,4.283,44907.221,10874.064,,283.836,,7.797,2,0,Kia,pickup,diesel,CVT,West,private,,42532.172
CAR-P-01173,2016,9.139,173548.154,19227.307,1.409,189.338,6.607,8.087,4,1,Hyundai,sedan,hybrid,CVT,Midwest,independent_dealer,15160.214,15596.313
CAR-P-00001,2023,2.681,415098.026,15233.952,3.176,338.505,8.405,7.573,2,1,Toyota,pickup,gasoline,automatic,Midwest,franchise_dealer,41105.025,43239.411
CAR-P-01694,2024,1.807,29646.312,17842.276,2.553,268.293,9.238,,1,0,Kia,SUV,gasoline,CVT,West,private,38377.902,39878.893
CAR-P-00185,2023,2.410,23213.818,8657.880,2.314,249.305,7.949,7.048,2,0,Mercedes,sedan,gasoline,,Northeast,franchise_dealer,32131.459,32797.532
CAR-P-01170,2010,15.820,226402.578,14470.403,2.600,279.296,5.872,4.845,6,0,Mercedes,SUV,gasoline,automatic,Midwest,private,23286.000,24461.909
CAR-P-00741,2021,4.103,90546.760,22731.793,2.394,273.950,9.046,9.445,1,0,Kia,coupe,gasoline,automatic,Northeast,franchise_dealer,41499.650,43810.068
CAR-P-00577,2023,2.480,42766.178,15159.574,2.398,218.047,8.827,,2,0,Ford,hatchback,hybrid,CVT,Northeast,franchise_dealer,34531.514,34814.745
CAR-P-00923,2019,6.957,76850.825,10900.257,2.351,269.253,8.477,,3,0,Ford,SUV,gasoline,automatic,South,private,30257.895,31413.187
CAR-P-01368,2024,1.010,14339.972,17327.451,,293.734,10.000,9.327,1,0,Honda,SUV,gasoline,automatic,West,independent_dealer,48054.733,49164.253
CAR-P-01526,2022,3.832,92313.901,21668.768,2.144,223.200,7.831,,2,0,Hyundai,SUV,gasoline,automatic,Northeast,franchise_dealer,,28557.173
CAR-P-00951,2020,5.712,79614.070,13296.714,2.847,300.692,8.503,7.438,2,0,Subaru,sedan,gasoline,CVT,West,franchise_dealer,34924.478,37439.306
CAR-P-00809,2022,3.120,53811.471,15633.813,1.150,137.495,9.011,9.051,1,0,Honda,sedan,hybrid,automatic,South,independent_dealer,31224.693,32493.899
CAR-P-00698,2018,7.522,80558.970,10673.328,1.958,225.071,7.211,,4,0,Honda,hatchback,gasoline,manual,South,independent_dealer,23766.041,25132.538
CAR-P-01430,2021,4.533,49509.446,11090.406,2.065,349.943,7.340,5.777,3,0,Tesla,SUV,hybrid,,Northeast,private,46439.418,48429.974
CAR-P-00633,2020,5.311,79448.711,15342.203,0.700,131.167,7.906,6.598,3,0,Toyota,coupe,diesel,automatic,West,private,20739.134,21873.006
CAR-P-00889,2021,4.163,35005.422,10345.861,2.205,260.699,9.278,7.883,1,0,Ford,sedan,gasoline,CVT,South,franchise_dealer,30893.856,32032.426
CAR-P-00186,2015,10.088,167965.045,16800.080,,316.893,7.203,6.224,3,0,BMW,SUV,hybrid,CVT,South,franchise_dealer,32920.654,34213.286
CAR-P-00693,2018,7.962,175421.121,22150.056,2.515,289.660,7.821,,3,0,Honda,sedan,hybrid,CVT,Northeast,independent_dealer,,29391.052
CAR-P-01700,2021,4.018,61992.663,12660.140,1.801,203.674,8.435,7.524,1,0,Subaru,SUV,gasoline,automatic,South,independent_dealer,32094.144,33883.209
CAR-P-00329,2019,6.456,108457.945,16326.735,2.130,212.386,,7.325,2,0,Ford,sedan,hybrid,automatic,South,private,27349.586,27522.525
CAR-P-00816,2023,2.886,34700.715,11964.601,2.702,244.916,9.829,9.005,1,0,Toyota,pickup,gasoline,automatic,Midwest,franchise_dealer,39035.058,41163.120
CAR-P-00310,2021,4.815,105362.266,22787.539,3.186,276.306,7.786,6.027,1,0,Toyota,pickup,gasoline,automatic,Northeast,franchise_dealer,39029.133,40843.882
CAR-P-01374,2023,2.642,32291.479,12123.348,2.240,242.682,9.131,10.000,1,0,Mercedes,pickup,gasoline,automatic,South,franchise_dealer,,47596.546
CAR-P-01384,2020,5.265,64158.348,12928.032,2.644,291.376,9.116,10.000,3,0,Ford,pickup,gasoline,automatic,West,private,37194.039,38321.530
CAR-P-01184,2013,12.858,139178.327,10640.347,1.814,225.023,6.065,4.305,5,0,Ford,coupe,gasoline,automatic,West,independent_dealer,15813.247,16349.501
CAR-P-00847,2022,3.748,36823.424,12290.517,2.103,236.212,7.936,7.845,1,0,Subaru,SUV,gasoline,CVT,Midwest,independent_dealer,33707.650,34873.744
CAR-P-01273,2022,3.606,77154.596,18444.374,1.971,223.213,7.834,,2,0,Hyundai,coupe,diesel,,West,private,32650.943,33537.625
CAR-P-00487,2025,0.549,54282.511,18560.659,3.045,330.638,,7.885,2,0,BMW,sedan,gasoline,automatic,Northeast,private,46311.953,48427.883
CAR-P-00010,2017,8.665,113810.173,13244.836,2.431,397.815,7.023,5.895,5,0,Tesla,pickup,gasoline,CVT,West,independent_dealer,41033.321,43173.321
CAR-P-00727,2023,2.845,791024.582,22571.898,2.223,254.110,8.181,,2,0,Subaru,SUV,gasoline,automatic,West,private,35352.330,36609.284
CAR-P-01776,2011,14.951,245701.098,17089.094,2.469,245.382,5.779,9.318,4,1,Honda,SUV,gasoline,automatic,West,franchise_dealer,15265.744,15396.398
CAR-P-00580,2017,8.558,196646.034,23760.897,2.433,253.057,,,1,0,Mercedes,sedan,gasoline,automatic,South,private,26031.178,26667.431
CAR-P-00019,2019,6.776,57684.036,8272.076,2.549,250.356,7.237,6.938,2,1,Subaru,sedan,gasoline,automatic,West,franchise_dealer,26473.421,27460.787
CAR-P-00848,2021,4.056,87433.669,21981.386,2.528,239.637,7.885,8.417,2,0,Toyota,SUV,gasoline,automatic,West,private,35061.782,36900.300
CAR-P-00188,2010,15.170,298638.900,20034.366,1.731,165.189,6.311,6.413,2,0,Honda,sedan,hybrid,automatic,South,private,3420.857,2283.379
CAR-P-00639,2020,5.027,64365.607,12129.246,3.051,313.330,,8.806,5,0,Subaru,sedan,gasoline,CVT,South,private,33953.366,34600.698
CAR-P-01029,2010,15.747,249712.628,15869.291,1.417,159.086,4.438,5.325,6,1,Hyundai,hatchback,gasoline,automatic,South,franchise_dealer,1208.310,1200.000
CAR-P-00073,2020,5.178,84919.837,15995.649,2.404,249.124,8.055,6.860,2,0,Kia,SUV,gasoline,CVT,West,private,,30992.926
CAR-P-00835,2017,8.806,1828416.838,19063.574,,319.559,7.755,7.480,3,0,Toyota,pickup,gasoline,CVT,West,franchise_dealer,34457.795,34830.872
CAR-P-00219,2015,10.248,173287.842,16813.369,1.915,246.830,7.997,6.758,4,0,Mercedes,hatchback,gasoline,automatic,South,franchise_dealer,24819.929,26360.825
CAR-P-01598,2019,6.849,89672.005,13198.696,2.330,236.967,6.393,5.100,4,1,Honda,SUV,diesel,automatic,South,private,20246.666,20872.583
CAR-P-00998,2020,5.786,97696.540,15644.929,2.150,225.610,6.673,6.972,2,0,Honda,sedan,hybrid,automatic,Midwest,private,28008.627,28893.266
CAR-P-00730,2022,3.218,62244.638,20836.484,2.663,265.588,8.748,9.884,2,0,Subaru,sedan,hybrid,manual,Midwest,independent_dealer,38575.455,39850.538
CAR-P-00933,2016,9.273,147239.025,16407.807,0.700,139.537,5.428,,3,1,Toyota,coupe,electric,manual,Northeast,franchise_dealer,15715.214,15001.735
CAR-P-00485,2017,8.022,113882.258,13948.032,1.535,295.930,7.825,8.458,4,0,Tesla,hatchback,gasoline,manual,West,independent_dealer,35297.511,36568.565
CAR-P-00586,2017,8.473,202197.555,23076.221,2.083,208.216,6.697,7.798,2,0,Hyundai,sedan,hybrid,automatic,Northeast,private,,17669.730
CAR-P-01405,2021,4.234,45220.703,12548.300,1.454,152.453,8.860,9.255,3,0,Ford,SUV,gasoline,automatic,Midwest,independent_dealer,23264.885,23782.741
CAR-P-00033,2009,16.055,165647.210,10440.801,,461.644,5.886,,5,0,Tesla,SUV,gasoline,automatic,West,private,30604.144,31453.375
CAR-P-00118,2020,5.758,74819.147,13084.613,2.283,199.822,,6.785,2,0,Toyota,SUV,,automatic,South,private,28104.542,28534.734
CAR-P-00665,2022,3.714,42742.387,9774.040,2.535,233.632,7.427,7.270,3,0,Toyota,SUV,gasoline,CVT,Midwest,private,31787.073,32831.340
CAR-P-01274,2019,6.283,139273.331,22165.249,1.625,179.949,8.542,8.170,4,0,Toyota,hatchback,hybrid,CVT,Midwest,private,24588.521,24953.092
CAR-P-00173,2016,9.273,126349.694,13667.501,0.700,79.997,6.464,8.064,2,0,Honda,sedan,electric,manual,West,independent_dealer,15293.313,16468.864
CAR-P-01137,2020,5.114,100569.811,18820.642,1.277,163.009,7.993,8.442,3,0,Honda,SUV,electric,automatic,South,independent_dealer,31322.880,31750.646
CAR-P-00620,2017,8.874,117637.281,14389.507,2.164,211.958,6.948,4.460,2,0,Toyota,SUV,hybrid,automatic,Midwest,independent_dealer,20660.300,20354.692
CAR-P-00358,2021,4.989,80159.318,15592.916,2.436,295.914,,,5,1,Mercedes,sedan,hybrid,CVT,Northeast,private,32622.868,34473.787
CAR-P-01542,2019,6.813,142562.443,20323.706,0.700,120.271,7.243,,5,0,Toyota,coupe,electric,automatic,Northeast,private,25422.098,25962.169
CAR-P-01098,2022,3.838,49585.023,13774.462,1.967,215.181,9.550,10.000,1,0,Hyundai,sedan,diesel,automatic,Midwest,franchise_dealer,34708.951,36200.009
CAR-P-01113,2021,4.432,122114.717,28732.217,1.823,193.270,8.237,9.076,1,0,Ford,hatchback,gasoline,manual,Northeast,private,28078.407,28008.762
CAR-P-01714,2013,12.264,228567.093,18556.351,2.001,245.475,3.947,,6,3,Mercedes,hatchback,gasoline,manual,South,franchise_dealer,8519.203,7680.553
CAR-P-00109,2011,14.369,199488.427,13907.389,2.586,266.867,5.843,,6,1,Ford,SUV,gasoline,automatic,South,independent_dealer,9937.152,10116.003
CAR-P-01126,2023,2.766,59293.093,18505.401,1.479,153.462,8.673,8.433,2,0,Ford,hatchback,hybrid,automatic,South,franchise_dealer,,28513.329
CAR-P-01186,2020,5.736,76622.650,13512.231,1.757,193.461,8.139,,1,0,Hyundai,hatchback,hybrid,automatic,Midwest,private,19091.323,19792.498
CAR-P-01476,2019,6.283,96278.215,16194.923,,176.558,6.821,,1,0,Subaru,sedan,gasoline,automatic,South,private,19736.694,20702.523
CAR-P-01507,2018,7.505,52203.309,6469.812,,199.782,8.143,,1,0,Ford,sedan,,automatic,West,private,26556.046,26877.719
CAR-P-00007,2024,1.769,21521.124,10687.627,,216.561,8.914,10.000,2,0,Toyota,hatchback,diesel,automatic,Midwest,franchise_dealer,38029.181,39921.838
CAR-P-00284,2018,7.355,122698.939,16512.795,3.341,337.406,7.577,,3,0,Honda,pickup,gasoline,automatic,Northeast,private,,34360.382
CAR-P-01235,2019,6.738,133403.563,19908.211,2.143,246.454,7.077,4.522,3,1,Mercedes,sedan,gasoline,automatic,West,independent_dealer,25906.614,26439.884
CAR-P-00773,2013,12.166,145830.552,12087.615,1.964,201.995,5.661,5.485,4,1,Ford,sedan,gasoline,automatic,Midwest,independent_dealer,8589.920,7461.510
CAR-P-01010,2018,7.159,120362.803,16013.462,1.833,190.290,7.294,,2,0,Ford,sedan,diesel,automatic,South,independent_dealer,25297.201,26451.403
CAR-P-00380,2019,6.210,49168.154,9046.716,2.628,265.815,8.648,,2,0,Hyundai,sedan,gasoline,manual,Midwest,franchise_dealer,55082.200,57067.193
CAR-P-01724,2011,14.693,196157.192,13318.080,2.594,268.112,6.735,6.564,2,1,Hyundai,SUV,gasoline,automatic,South,independent_dealer,16047.666,16965.198
CAR-P-01259,2021,4.352,62963.858,13444.358,,310.906,6.516,6.129,1,0,Mercedes,sedan,gasoline,,Northeast,private,39507.331,40977.520
CAR-P-00271,2015,10.897,168716.465,15128.539,2.218,230.780,6.096,7.316,4,2,Toyota,SUV,gasoline,automatic,Northeast,independent_dealer,15724.200,15424.379
CAR-P-00021,2020,5.354,65275.446,13085.000,2.260,377.229,8.890,,3,1,Tesla,SUV,diesel,,West,franchise_dealer,,48148.680
CAR-P-00128,2019,6.455,103538.660,16318.298,2.548,260.161,,7.928,1,0,Ford,sedan,diesel,automatic,South,franchise_dealer,,27361.085
CAR-P-00625,2020,5.475,69208.463,12685.145,1.581,201.027,7.078,,2,0,Ford,SUV,hybrid,,Midwest,private,27727.362,28322.146
CAR-P-00015,2020,5.133,87727.107,16269.010,2.034,203.093,,9.828,1,0,Ford,sedan,gasoline,automatic,South,independent_dealer,,30684.533
CAR-P-01393,2018,7.944,192430.631,24511.042,2.272,236.711,7.786,9.293,3,0,Honda,SUV,hybrid,automatic,South,franchise_dealer,30576.773,31209.075
CAR-P-01143,2024,1.906,30140.182,15453.338,1.949,204.246,7.433,8.157,1,0,Honda,SUV,gasoline,CVT,West,private,36905.200,38511.683
CAR-P-01708,2022,3.751,25958.068,7464.919,2.054,181.531,8.911,10.000,1,0,Honda,hatchback,gasoline,CVT,Midwest,independent_dealer,,31775.724
CAR-P-01636,2020,5.565,97666.658,17905.181,2.123,246.792,8.256,6.037,1,0,Mercedes,SUV,gasoline,CVT,West,franchise_dealer,35927.248,38172.055
CAR-P-01748,2011,14.566,208690.860,14307.881,3.400,377.909,6.766,7.249,3,0,BMW,SUV,hybrid,,Northeast,independent_dealer,29893.931,31731.911
CAR-P-00520,2016,9.322,121123.927,12582.377,,266.511,5.380,6.355,4,1,Honda,SUV,hybrid,manual,Northeast,private,20095.554,20272.407
CAR-P-01001,2017,8.746,53859.067,6433.214,2.700,271.500,8.603,9.410,4,0,Kia,pickup,gasoline,manual,Midwest,franchise_dealer,27079.038,28193.622
CAR-P-00403,2020,5.405,114126.952,22087.207,3.103,312.396,7.518,7.303,3,0,Subaru,sedan,gasoline,automatic,Midwest,private,,32358.173
CAR-P-01171,2024,1.718,28062.903,12922.568,1.610,155.657,8.884,9.325,2,0,Subaru,sedan,gasoline,automatic,South,independent_dealer,31037.349,32500.734
CAR-P-00433,2018,7.621,105394.515,13843.041,2.380,301.516,7.168,6.021,2,0,Toyota,coupe,gasoline,manual,South,independent_dealer,29954.492,30255.010
CAR-P-00995,2019,6.380,61488.905,9127.029,1.750,236.682,7.811,9.128,5,0,Mercedes,sedan,diesel,automatic,West,independent_dealer,33505.431,34649.759
CAR-P-00467,2021,4.033,26923.994,7565.972,1.908,202.475,7.444,8.413,2,1,Ford,hatchback,gasoline,manual,West,independent_dealer,26576.545,27411.966
CAR-P-00363,2024,1.183,16282.888,16509.358,0.700,143.505,9.176,,1,0,Toyota,coupe,gasoline,automatic,Midwest,independent_dealer,,34947.860
CAR-P-01287,2022,3.232,75503.633,22071.011,3.180,327.811,9.336,10.000,2,0,Mercedes,pickup,diesel,automatic,Northeast,franchise_dealer,53361.176,55801.612
CAR-P-00939,2023,2.707,22882.479,10129.414,1.513,170.255,8.304,8.496,1,0,Hyundai,sedan,gasoline,automatic,Midwest,franchise_dealer,27766.595,29320.939
CAR-P-01304,2021,4.397,72047.833,15294.972,2.442,259.232,8.130,8.327,4,0,Honda,SUV,gasoline,automatic,West,independent_dealer,34468.502,36456.266
CAR-P-00093,2017,8.533,68019.635,8282.521,2.819,262.810,7.719,,3,0,Toyota,SUV,hybrid,automatic,West,franchise_dealer,30086.632,31864.576
CAR-P-00399,2016,9.614,116709.850,12126.233,1.919,213.847,6.987,9.982,3,0,Honda,hatchback,diesel,CVT,West,private,22101.034,22713.443
CAR-P-00975,2021,4.019,77970.659,18344.862,2.012,363.885,10.000,,4,0,Tesla,sedan,gasoline,automatic,Northeast,franchise_dealer,50696.514,54093.743
CAR-P-00126,2024,1.953,26272.786,16278.639,2.599,308.525,8.077,8.984,1,0,Hyundai,coupe,gasoline,CVT,South,franchise_dealer,,43907.558
CAR-P-00378,2010,15.966,199594.437,13150.071,2.577,289.006,5.820,7.812,3,1,Subaru,SUV,hybrid,automatic,South,franchise_dealer,15386.565,15322.086
CAR-P-00894,2022,3.508,52581.142,14472.830,1.878,165.642,6.976,7.370,1,1,Hyundai,sedan,diesel,automatic,Northeast,private,21878.755,22433.628
CAR-P-00385,2023,2.094,12970.319,9937.949,1.393,153.271,8.694,10.000,1,0,Toyota,sedan,gasoline,automatic,Midwest,franchise_dealer,31383.014,32503.570
CAR-P-01286,2021,4.223,55834.588,12578.370,1.025,113.811,7.710,,1,0,Kia,SUV,electric,automatic,Midwest,private,28550.873,30292.234
CAR-P-00619,2019,6.396,135855.958,21348.702,1.662,253.547,7.748,7.569,2,0,Mercedes,coupe,gasoline,CVT,Northeast,franchise_dealer,37212.101,38452.181
CAR-P-01432,2016,9.636,1212104.024,14153.729,3.110,333.643,5.809,3.234,3,1,Mercedes,SUV,gasoline,automatic,South,independent_dealer,25730.904,26192.947
CAR-P-00531,2023,2.391,60209.351,25583.651,2.043,191.615,8.649,6.679,1,0,Ford,SUV,gasoline,CVT,Northeast,franchise_dealer,29259.972,29405.246
CAR-P-01328,2015,10.407,126285.104,12203.341,2.959,304.150,5.425,3.288,2,1,Toyota,pickup,gasoline,manual,Midwest,franchise_dealer,16156.810,16270.059
CAR-P-00044,2021,4.897,72492.545,13379.971,1.772,202.865,9.037,6.955,2,0,Toyota,SUV,gasoline,manual,West,independent_dealer,28420.951,28639.530
CAR-P-00661,2014,11.169,192955.536,17708.821,3.567,384.302,6.074,7.114,8,1,Mercedes,pickup,gasoline,automatic,Northeast,independent_dealer,,27225.695
CAR-P-01095,2020,5.560,101136.938,18394.183,0.700,114.287,8.438,7.928,2,0,Ford,hatchback,diesel,automatic,South,franchise_dealer,20378.407,21266.945
CAR-P-01266,2011,14.500,196028.061,13879.164,2.052,197.059,6.637,6.360,2,0,Kia,hatchback,hybrid,automatic,Midwest,independent_dealer,11678.749,11901.561
CAR-P-01571,2022,3.827,42563.279,9812.610,2.898,278.524,6.970,6.171,3,0,Honda,SUV,gasoline,CVT,West,franchise_dealer,46344.872,48322.598
CAR-P-00596,2021,4.751,96296.675,19705.586,,198.352,7.608,6.259,4,0,Toyota,sedan,gasoline,manual,South,franchise_dealer,23732.237,23934.013
CAR-P-01650,2020,5.080,39232.092,8624.309,2.001,217.412,,6.964,3,0,Ford,pickup,electric,CVT,West,independent_dealer,35732.349,38328.941
CAR-P-00823,2019,6.141,120910.089,19893.206,1.688,172.920,,,1,0,Toyota,SUV,hybrid,automatic,South,private,25729.458,26886.617
CAR-P-00713,2020,5.153,83674.650,16487.236,1.311,175.381,7.956,10.000,2,0,Toyota,hatchback,,automatic,Northeast,franchise_dealer,29074.765,29647.109
CAR-P-00880,2012,13.443,122337.793,8692.633,1.986,226.823,,5.925,4,1,Honda,sedan,gasoline,automatic,Northeast,franchise_dealer,18616.010,19438.587
CAR-P-00569,2020,5.508,96521.283,18120.897,2.897,283.432,7.937,9.406,1,0,Toyota,pickup,gasoline,manual,South,franchise_dealer,34171.071,35430.704
CAR-P-01632,2020,5.232,87132.637,17865.966,1.795,184.313,7.210,7.820,2,0,Ford,sedan,gasoline,automatic,Northeast,franchise_dealer,25649.888,25140.178
CAR-P-01025,2022,3.568,56569.759,16214.326,3.576,353.523,9.129,7.632,2,0,BMW,SUV,diesel,manual,Northeast,independent_dealer,47839.757,49831.828
CAR-P-00949,2020,5.853,34694.317,7205.859,1.805,180.395,6.934,6.027,1,0,Toyota,SUV,hybrid,automatic,Midwest,private,28189.744,29065.997
CAR-P-00946,2023,2.293,38650.165,19319.783,1.312,190.227,7.780,6.665,3,0,BMW,sedan,gasoline,automatic,Northeast,private,34006.959,35570.473
CAR-P-01602,2019,6.601,99275.258,15938.787,1.936,177.199,8.548,8.859,5,0,Toyota,sedan,gasoline,manual,South,franchise_dealer,23902.718,23955.983
CAR-P-01191,2022,3.768,61206.061,16438.471,2.334,230.854,9.453,8.259,1,1,Honda,hatchback,gasoline,automatic,Northeast,independent_dealer,32370.347,33337.451
CAR-P-00013,2019,6.890,55373.732,7741.327,1.371,143.022,8.726,7.539,2,0,Ford,sedan,gasoline,CVT,Midwest,franchise_dealer,22058.469,22511.746
CAR-P-01746,2017,8.519,149040.743,18106.173,0.701,105.653,,,4,0,Toyota,hatchback,electric,CVT,South,franchise_dealer,,16840.948
CAR-P-00778,2016,9.804,113700.413,11671.467,2.142,198.011,6.014,6.329,3,1,Hyundai,SUV,gasoline,CVT,Northeast,franchise_dealer,,13377.065
CAR-P-00214,2017,8.440,117379.076,13622.556,2.200,265.861,6.820,6.992,2,0,BMW,hatchback,gasoline,CVT,Midwest,private,25248.014,26599.913
CAR-P-01407,2022,3.000,76169.377,22245.395,1.828,177.632,,7.372,2,0,Ford,hatchback,gasoline,automatic,South,private,25123.791,26037.667
CAR-P-01144,2018,7.785,124719.078,15798.317,1.945,218.622,7.599,8.012,2,0,Mercedes,sedan,hybrid,manual,South,independent_dealer,19332.154,19541.918
CAR-P-00655,2021,4.680,44809.964,9382.679,3.351,348.400,7.704,6.847,2,0,Ford,SUV,hybrid,CVT,Northeast,independent_dealer,37604.997,38971.232
CAR-P-01402,2019,6.241,107037.763,16433.149,1.783,197.830,8.286,7.706,2,0,Hyundai,SUV,gasoline,automatic,South,independent_dealer,26012.302,26223.893
CAR-P-00238,2018,7.107,106458.667,14511.012,2.125,212.354,8.690,7.664,2,0,Toyota,sedan,gasoline,automatic,South,independent_dealer,26867.191,27505.227
CAR-P-01364,2018,7.651,150041.717,18601.788,2.554,251.009,6.656,6.171,2,0,Toyota,SUV,hybrid,automatic,West,franchise_dealer,32917.819,33186.691
CAR-P-01062,2021,4.702,44287.498,9124.583,2.439,252.177,8.571,,3,0,Subaru,sedan,gasoline,automatic,West,franchise_dealer,33687.607,34746.173
CAR-P-01268,2015,10.435,73910.596,7167.172,2.518,288.910,6.919,5.922,4,0,Ford,pickup,gasoline,automatic,Northeast,franchise_dealer,23960.258,24253.455
CAR-P-01570,2024,1.908,46972.675,19161.958,0.700,71.351,8.059,7.607,1,0,Toyota,sedan,electric,automatic,West,independent_dealer,27249.325,27839.601
CAR-P-00231,2013,12.285,298979.044,23999.894,1.771,202.888,5.799,4.128,8,0,Toyota,hatchback,gasoline,automatic,Midwest,franchise_dealer,4031.595,1789.944
CAR-P-00474,2017,8.068,106977.984,13530.484,0.700,91.092,7.151,,3,0,Honda,sedan,electric,automatic,Northeast,independent_dealer,17173.036,17325.263
CAR-P-00841,2017,8.113,119765.825,14652.925,1.580,205.702,8.082,6.921,2,0,Hyundai,sedan,gasoline,automatic,Midwest,franchise_dealer,22022.891,23096.274
CAR-P-01558,2019,6.749,67847.202,10191.214,2.579,306.497,6.384,6.109,5,1,BMW,sedan,diesel,CVT,West,independent_dealer,32759.102,33673.643
CAR-P-01087,2021,4.517,63545.838,14786.561,3.375,332.580,8.136,8.341,1,0,Kia,sedan,gasoline,automatic,West,independent_dealer,,38490.522
CAR-P-01211,2016,9.054,166708.782,19302.421,2.595,262.143,7.620,5.450,4,0,Mercedes,SUV,gasoline,CVT,Midwest,franchise_dealer,30223.724,31202.353
CAR-P-01737,2010,15.168,188605.754,12609.097,1.993,241.937,6.639,5.798,3,0,BMW,sedan,hybrid,automatic,South,independent_dealer,,18525.974
CAR-P-00965,2023,2.571,36580.374,14977.328,2.239,247.359,8.328,9.666,1,0,Toyota,SUV,gasoline,automatic,South,franchise_dealer,40786.155,42334.385
CAR-P-00225,2012,13.459,178422.872,13386.241,1.811,182.201,6.356,5.076,3,0,Honda,sedan,gasoline,automatic,South,franchise_dealer,,13494.687
CAR-P-01778,2021,4.359,83854.495,17981.463,1.775,232.010,8.134,7.401,1,0,BMW,hatchback,gasoline,automatic,West,franchise_dealer,35691.597,37110.930
CAR-P-00902,2018,7.807,140401.568,17708.766,3.583,331.155,7.347,,4,0,Toyota,pickup,gasoline,CVT,Midwest,private,29602.734,30036.250
CAR-P-01626,2021,4.307,48698.861,11295.003,1.746,307.321,7.822,8.878,2,0,Tesla,sedan,gasoline,automatic,West,independent_dealer,45331.589,47343.942
CAR-P-01129,2003,22.000,218972.092,9908.944,1.697,181.100,,,4,0,Ford,sedan,diesel,,Northeast,franchise_dealer,1618.779,1200.000
CAR-P-00583,2024,1.769,32146.910,18977.129,1.744,173.009,8.534,8.267,3,0,Ford,hatchback,hybrid,automatic,Northeast,franchise_dealer,33166.341,35280.023
CAR-P-01396,2022,3.551,53864.873,13532.076,1.295,159.387,7.794,,1,0,Honda,hatchback,gasoline,automatic,West,franchise_dealer,30907.615,31715.748
CAR-P-01380,2022,3.167,51836.077,15903.727,,260.370,9.142,10.000,1,0,Honda,SUV,gasoline,manual,South,independent_dealer,38275.126,40202.678
CAR-P-00212,2015,10.986,130943.490,11583.983,,294.205,6.740,7.133,2,0,BMW,sedan,diesel,automatic,West,independent_dealer,27383.603,27387.819
CAR-P-00221,2020,5.072,82900.062,15748.265,1.325,175.644,8.460,8.505,1,0,Ford,SUV,gasoline,automatic,South,franchise_dealer,27595.004,27405.200
CAR-P-01188,2020,5.524,84543.240,14274.958,0.820,106.805,6.559,6.742,2,0,Hyundai,sedan,electric,automatic,Northeast,franchise_dealer,20265.962,20096.052
CAR-P-00234,2024,1.866,17505.152,11088.295,1.978,230.992,8.052,10.000,2,0,Ford,sedan,gasoline,,South,franchise_dealer,,37839.593
CAR-P-00143,2024,1.859,18837.521,11246.845,1.918,201.316,,8.140,2,0,Hyundai,sedan,gasoline,CVT,South,private,31006.313,32300.106
CAR-P-01652,2016,9.966,136180.506,13836.371,2.689,276.105,7.580,,3,0,Ford,SUV,gasoline,CVT,West,franchise_dealer,,29488.242
CAR-P-00728,2014,11.170,200445.720,18006.351,2.550,264.078,8.204,6.669,3,0,Honda,SUV,gasoline,automatic,Northeast,independent_dealer,22819.139,24152.080
CAR-P-00200,2021,4.277,49574.889,12219.413,2.103,203.530,,7.094,3,0,Toyota,sedan,hybrid,CVT,West,independent_dealer,20763.861,21868.824
CAR-P-00717,2006,19.107,296711.537,15698.123,2.231,171.046,5.659,4.530,5,0,Ford,sedan,gasoline,automatic,West,independent_dealer,1712.671,1200.000
CAR-P-00636,2020,5.277,75640.268,14131.915,2.756,275.849,7.237,5.808,2,0,BMW,hatchback,hybrid,automatic,South,franchise_dealer,34542.405,36163.156
CAR-P-00131,2015,10.338,192395.107,18745.094,1.885,192.260,6.653,5.132,4,1,Hyundai,sedan,gasoline,automatic,West,franchise_dealer,11111.859,11780.993
CAR-P-01587,2023,2.098,18880.125,13599.927,,161.770,9.309,,2,0,Honda,SUV,diesel,CVT,Midwest,private,34411.184,36025.141
CAR-P-00681,2010,15.845,244253.178,15671.937,1.801,226.959,5.060,4.061,3,0,Mercedes,sedan,gasoline,,Northeast,private,12561.207,12537.832
CAR-P-01128,2021,4.711,101396.271,21265.018,1.991,208.959,7.853,7.120,3,0,Ford,SUV,gasoline,automatic,South,independent_dealer,26210.658,27954.902
CAR-P-00801,2017,8.052,135664.914,16171.280,1.624,182.667,6.797,7.037,1,1,Hyundai,coupe,hybrid,automatic,Midwest,franchise_dealer,24272.857,25551.354
CAR-P-01299,2014,11.812,167523.643,13119.217,2.278,255.554,6.956,,3,0,BMW,hatchback,gasoline,automatic,Northeast,independent_dealer,25817.176,26109.908
CAR-P-01438,2019,6.219,101280.317,17310.136,2.024,229.598,8.048,8.192,4,0,Ford,SUV,gasoline,automatic,West,franchise_dealer,27534.376,28839.806
CAR-P-00680,2021,4.045,30676.423,8054.158,1.237,142.865,7.825,7.633,3,0,Honda,hatchback,gasoline,automatic,South,franchise_dealer,21905.592,22745.913
CAR-P-01397,2014,11.556,202673.533,17086.772,1.369,151.596,6.133,5.427,2,0,Subaru,sedan,diesel,CVT,Midwest,private,9736.101,9180.390
CAR-P-01413,2022,3.600,21674.735,7372.224,2.269,258.371,8.154,7.904,2,1,Toyota,coupe,hybrid,CVT,Midwest,franchise_dealer,35766.526,37464.395
CAR-P-01221,2017,8.409,92502.970,11270.759,0.700,122.177,6.092,5.975,2,0,Hyundai,sedan,electric,automatic,Northeast,independent_dealer,15467.976,15178.311
CAR-P-00459,2015,10.806,215095.702,19484.361,1.969,229.073,7.260,7.655,5,1,Hyundai,coupe,diesel,automatic,Northeast,independent_dealer,18530.633,19016.563
CAR-P-00161,2017,8.095,101370.181,12944.869,2.721,235.405,8.582,10.000,2,0,Honda,SUV,gasoline,manual,Northeast,independent_dealer,30828.656,32333.243
CAR-P-00250,2024,1.214,20727.195,18284.629,2.216,231.749,9.507,9.685,2,0,Honda,SUV,gasoline,automatic,South,independent_dealer,44153.567,45921.244
CAR-P-01341,2020,5.423,47665.643,8602.226,0.988,128.030,7.469,7.002,4,1,Toyota,sedan,gasoline,automatic,South,franchise_dealer,20677.262,21797.114
CAR-P-01138,2019,6.890,105978.609,14528.162,1.540,154.682,6.802,,3,1,Toyota,SUV,diesel,automatic,South,private,18442.417,19154.974
CAR-P-00192,2017,8.694,116825.659,13448.915,3.017,308.489,7.912,10.000,3,1,BMW,SUV,hybrid,automatic,South,franchise_dealer,35230.813,36523.275
CAR-P-01745,2015,10.985,163399.170,14243.412,1.189,114.737,8.156,6.500,1,0,Toyota,sedan,diesel,automatic,Northeast,franchise_dealer,15073.787,14970.930
CAR-P-00042,2023,2.680,61108.653,20762.675,1.752,317.579,7.965,8.154,2,0,Tesla,sedan,gasoline,automatic,Northeast,private,44335.046,46584.793
CAR-P-00919,2021,4.714,63877.994,13704.024,2.560,256.505,7.204,7.930,2,0,Kia,hatchback,diesel,automatic,Northeast,independent_dealer,28874.818,29474.514
CAR-P-01703,2019,6.067,65762.425,10809.247,1.916,207.086,8.636,9.985,4,0,Subaru,sedan,gasoline,manual,Midwest,independent_dealer,24604.431,25195.839
CAR-P-00648,2017,8.664,95884.549,10956.462,2.346,248.893,,6.302,3,1,Hyundai,hatchback,hybrid,CVT,South,private,18002.898,18210.334
CAR-P-00689,2016,9.271,125932.043,14063.044,2.125,205.102,7.435,6.739,4,0,Subaru,SUV,gasoline,automatic,South,franchise_dealer,18756.694,18932.428
CAR-P-01042,2014,11.247,102020.219,8810.528,3.224,334.709,6.478,6.331,4,1,BMW,SUV,gasoline,automatic,West,franchise_dealer,32779.859,33595.609
CAR-P-00598,2015,10.564,145327.460,13450.524,3.195,323.223,7.623,,2,0,Ford,SUV,gasoline,automatic,Northeast,franchise_dealer,29240.626,30693.173
CAR-P-00406,2022,3.289,48269.434,13603.427,2.214,224.686,,,3,0,Kia,SUV,gasoline,automatic,Midwest,independent_dealer,32898.842,33698.430
CAR-P-01779,2017,8.956,175064.425,18799.353,2.855,302.882,7.068,7.440,3,0,Kia,pickup,diesel,CVT,South,independent_dealer,,31579.419
CAR-P-00002,2016,9.944,149922.009,14809.822,2.869,263.077,8.489,8.022,3,0,Toyota,pickup,gasoline,automatic,Midwest,independent_dealer,29406.052,30755.653
CAR-P-01321,2020,5.618,70586.860,12818.597,2.581,244.183,7.841,,1,0,Honda,sedan,gasoline,automatic,South,independent_dealer,31070.483,31274.182
CAR-P-00786,2017,8.078,170923.427,21322.643,3.013,299.208,8.062,6.645,3,0,Kia,SUV,gasoline,manual,West,franchise_dealer,29548.984,30521.393
CAR-P-00723,2020,5.680,59350.815,9902.939,1.579,185.296,9.150,9.582,1,0,Ford,hatchback,gasoline,CVT,Northeast,franchise_dealer,,26631.034
CAR-P-00907,2015,10.673,131732.065,12183.683,1.218,138.513,6.480,3.173,1,0,Hyundai,hatchback,electric,CVT,Northeast,private,15321.004,15133.513
CAR-P-01018,2020,5.551,61569.549,10568.683,2.550,288.799,7.960,8.147,3,0,BMW,sedan,gasoline,automatic,Midwest,franchise_dealer,35558.546,37817.999
CAR-P-00798,2013,12.671,171410.547,13156.534,1.829,224.554,5.660,,3,1,Mercedes,sedan,gasoline,manual,Northeast,independent_dealer,19414.722,19965.775
CAR-P-00934,2021,4.488,88856.119,20347.841,1.426,149.947,8.039,9.326,1,0,Kia,sedan,gasoline,automatic,Northeast,independent_dealer,24228.972,24504.349
CAR-P-01114,2023,2.432,46353.673,17129.799,1.699,179.340,9.360,8.888,2,0,Kia,SUV,electric,automatic,Midwest,franchise_dealer,36449.356,37069.419
CAR-P-00759,2025,0.878,12643.567,13167.447,2.009,229.764,8.457,10.000,1,1,Toyota,sedan,hybrid,automatic,Northeast,independent_dealer,38255.814,39637.220
CAR-P-00901,2019,6.365,123402.637,19011.017,3.369,344.362,,7.785,8,0,Toyota,pickup,gasoline,automatic,South,independent_dealer,,37523.276
CAR-P-00976,2024,1.316,14569.405,12141.286,1.797,216.910,10.000,8.072,2,0,Honda,pickup,hybrid,automatic,South,private,40718.799,42434.470
CAR-P-00740,2017,8.312,69488.228,8369.201,1.595,156.994,,8.513,3,0,Subaru,sedan,gasoline,automatic,Midwest,private,16827.515,16627.811
CAR-P-00113,2021,4.401,58005.854,13068.837,1.898,252.619,7.575,7.319,2,1,Mercedes,sedan,diesel,automatic,West,independent_dealer,37263.733,37652.039
CAR-P-01783,2017,8.874,66011.446,8018.631,2.047,254.769,8.472,8.471,2,0,Mercedes,coupe,gasoline,automatic,West,independent_dealer,40180.465,41053.994
CAR-P-00663,2024,1.647,15841.409,12767.651,3.214,299.906,,7.817,1,0,Honda,pickup,gasoline,automatic,Midwest,franchise_dealer,47129.882,49369.688
CAR-P-01354,2018,7.011,111849.749,14686.366,0.958,164.954,6.977,5.551,1,0,Mercedes,hatchback,electric,automatic,South,independent_dealer,29056.733,29345.774
CAR-P-00446,2018,7.976,166477.013,20176.256,1.977,216.378,6.879,8.039,2,2,Kia,SUV,diesel,automatic,West,private,21460.827,21754.026
CAR-P-00384,2020,5.656,39710.701,5919.382,1.806,242.278,7.871,,1,0,Ford,coupe,gasoline,automatic,South,franchise_dealer,33945.644,34831.338
CAR-P-01604,2012,13.565,222903.491,16903.537,1.676,173.943,,5.973,2,1,Hyundai,SUV,gasoline,automatic,South,franchise_dealer,7877.515,7714.297
CAR-P-01510,2015,10.764,187935.316,17168.971,1.664,206.236,6.901,4.596,4,0,Honda,SUV,gasoline,automatic,Northeast,independent_dealer,17064.918,17231.139
CAR-P-00964,2003,22.000,372440.015,17161.904,,287.636,4.397,2.955,9,0,Honda,hatchback,diesel,automatic,South,private,2172.667,1200.000
CAR-P-00963,2004,21.929,420000.000,26115.681,1.264,180.143,4.528,3.534,4,0,Subaru,sedan,gasoline,automatic,South,franchise_dealer,1800.835,1200.000
CAR-P-00090,2014,11.108,137238.880,12244.046,,233.460,6.592,6.414,6,0,Toyota,coupe,gasoline,automatic,West,private,15849.283,16055.835
CAR-P-00695,2019,6.424,90930.046,13350.158,2.800,297.242,7.347,5.573,3,0,Toyota,pickup,gasoline,CVT,Midwest,franchise_dealer,50556.759,53020.446
CAR-P-01196,2015,10.041,87265.615,8637.465,1.706,177.025,7.333,7.665,2,0,Honda,sedan,diesel,,Northeast,franchise_dealer,19492.803,20256.125
CAR-P-00629,2021,4.609,69711.331,14312.741,2.345,224.066,8.070,6.346,3,0,Toyota,SUV,gasoline,CVT,Midwest,independent_dealer,33181.218,34072.368
CAR-P-00373,2016,9.930,139030.884,14466.279,1.526,301.679,7.779,8.875,3,0,Tesla,pickup,electric,CVT,South,franchise_dealer,42998.675,45441.481
CAR-P-00553,2012,13.529,94823.775,6780.844,0.870,105.260,6.177,7.099,6,0,Hyundai,sedan,hybrid,manual,Midwest,private,1833.076,1200.000
CAR-P-00454,2023,2.665,46940.063,16757.445,1.506,160.763,7.667,7.731,3,0,Hyundai,SUV,gasoline,automatic,South,independent_dealer,24910.635,25657.059
CAR-P-01483,2018,7.312,123505.919,16182.993,1.767,202.525,8.438,8.576,4,1,Hyundai,sedan,diesel,CVT,Northeast,franchise_dealer,20797.759,21454.901
CAR-P-00401,2024,1.963,17445.995,11413.245,2.741,249.938,8.276,7.598,2,0,Honda,SUV,gasoline,automatic,Northeast,franchise_dealer,40002.268,42069.259
CAR-P-01271,2005,20.963,299141.864,14324.335,2.598,252.269,4.579,2.558,4,0,Honda,pickup,gasoline,automatic,Northeast,franchise_dealer,2617.362,2302.537
CAR-P-00771,2020,5.904,149026.556,24118.731,1.916,248.358,8.511,,4,0,Subaru,SUV,hybrid,automatic,South,private,32554.737,33677.972
CAR-P-00450,2011,14.153,225173.475,15574.170,2.630,232.578,7.153,7.884,2,0,Honda,SUV,,automatic,Midwest,private,18727.805,18486.864
CAR-P-00517,2021,4.464,72457.235,15129.725,1.593,236.122,7.651,7.158,6,0,Mercedes,coupe,gasoline,CVT,South,independent_dealer,30532.045,31493.643
CAR-P-00243,2017,8.961,116807.126,13638.566,2.155,231.067,7.520,8.706,3,0,Toyota,SUV,gasoline,automatic,South,franchise_dealer,24341.783,25614.075
CAR-P-01369,2017,8.788,113131.535,12232.898,1.553,146.494,6.576,8.655,1,1,Subaru,hatchback,gasoline,automatic,Midwest,franchise_dealer,13850.012,13509.024
CAR-P-00375,2015,10.060,173384.421,17330.293,1.836,190.505,,6.793,4,0,Honda,pickup,gasoline,automatic,Northeast,franchise_dealer,21595.199,22149.987
CAR-P-00349,2023,2.452,37699.923,17168.286,2.182,212.207,9.082,10.000,2,0,Honda,SUV,diesel,manual,South,independent_dealer,33908.082,35720.930
CAR-P-00049,2016,9.740,184462.749,19877.333,1.614,176.789,8.027,7.509,5,0,Toyota,SUV,electric,manual,South,franchise_dealer,23752.334,25080.902
CAR-P-01552,2020,5.292,86665.712,17059.583,2.593,266.128,8.759,10.000,3,0,Kia,pickup,hybrid,automatic,Midwest,independent_dealer,37114.555,38306.270
CAR-P-00588,2022,3.510,35224.814,10831.030,2.055,229.667,8.405,10.000,2,1,Kia,pickup,electric,manual,Midwest,private,33692.333,34285.873
CAR-P-01022,2018,7.920,108975.701,14307.058,3.581,335.062,8.691,10.000,4,0,Hyundai,SUV,gasoline,automatic,South,private,32307.817,34121.055
CAR-P-01012,2022,3.425,43483.188,13775.686,1.853,201.189,,8.022,2,0,Toyota,hatchback,hybrid,CVT,Midwest,private,26693.216,28003.333
CAR-P-01764,2019,6.091,80633.124,13423.704,0.700,126.907,8.688,10.000,1,1,Ford,hatchback,electric,manual,Northeast,independent_dealer,25368.548,25905.150
CAR-P-01527,2018,7.054,121047.283,17224.131,3.014,285.895,,8.018,1,0,Subaru,pickup,gasoline,manual,Northeast,private,31096.281,32617.567
CAR-P-00877,2021,4.561,57290.190,12135.754,1.423,185.192,8.421,7.983,2,1,BMW,sedan,gasoline,automatic,Northeast,private,30060.386,31091.857
CAR-P-01482,2020,5.146,43333.215,9026.296,3.064,286.760,7.401,7.547,2,0,Toyota,sedan,hybrid,automatic,South,independent_dealer,32718.596,34441.421
CAR-P-01026,2024,1.875,34886.920,20006.855,1.507,153.670,8.690,7.660,2,0,Honda,hatchback,gasoline,automatic,Northeast,private,29932.310,30885.816
CAR-P-01422,2013,12.753,225327.190,18036.521,1.496,166.844,6.456,6.312,4,1,Subaru,sedan,diesel,automatic,South,franchise_dealer,6358.856,5451.653
CAR-P-00579,2021,4.375,47719.308,12932.486,2.370,255.393,8.121,8.168,2,0,Ford,hatchback,gasoline,automatic,South,franchise_dealer,30534.889,31747.397
CAR-P-01754,2018,7.997,85698.211,10642.603,1.532,168.321,7.914,7.831,2,0,Ford,hatchback,diesel,CVT,South,independent_dealer,21178.384,21243.337
CAR-P-01037,2023,2.849,49370.389,16064.373,1.670,211.825,8.850,10.000,2,0,Honda,hatchback,gasoline,automatic,South,independent_dealer,,34111.314
CAR-P-01619,2017,8.692,165289.288,19583.833,,282.535,,8.003,1,0,Honda,pickup,gasoline,automatic,Northeast,private,24628.588,26422.947
CAR-P-00179,2011,14.941,275714.011,18505.478,3.228,316.125,6.821,9.477,4,0,Hyundai,pickup,gasoline,CVT,Midwest,franchise_dealer,23853.876,24435.489
CAR-P-00507,2022,3.129,39010.063,14149.226,2.064,386.076,,8.067,1,0,Tesla,SUV,gasoline,CVT,West,franchise_dealer,,51672.215
CAR-P-00102,2023,2.662,49564.635,16926.748,2.036,239.329,9.454,10.000,3,0,Subaru,sedan,diesel,automatic,Northeast,franchise_dealer,36141.994,38959.291
CAR-P-01067,2021,4.745,69365.149,13985.221,2.080,215.210,8.207,7.568,2,0,Hyundai,sedan,hybrid,automatic,Midwest,independent_dealer,27500.421,28813.905
CAR-P-00818,2017,8.059,125435.701,16480.301,2.638,328.395,8.667,8.272,3,1,Mercedes,coupe,gasoline,automatic,Midwest,private,33517.969,34795.721
CAR-P-00743,2024,1.196,19059.891,14957.332,1.529,202.437,10.000,8.906,3,0,Hyundai,coupe,gasoline,,South,franchise_dealer,,33647.735
CAR-P-00189,2014,11.446,186869.289,16690.434,2.601,286.107,5.874,3.897,4,0,Subaru,SUV,gasoline,automatic,Midwest,independent_dealer,21476.733,21627.832
CAR-P-00305,2021,4.941,136532.986,27293.592,2.076,240.380,9.923,8.399,3,0,Honda,SUV,gasoline,automatic,South,franchise_dealer,32738.427,32886.646
CAR-P-01575,2020,5.839,86595.933,15554.680,3.068,286.002,6.844,5.180,3,1,Honda,sedan,hybrid,CVT,Northeast,independent_dealer,30601.516,32137.717
CAR-P-01051,2023,2.565,48987.385,18220.956,0.700,95.817,9.550,8.998,1,0,Ford,sedan,electric,automatic,Northeast,franchise_dealer,34963.657,36262.800
CAR-P-00570,2021,4.322,72816.187,17764.137,1.983,195.987,9.375,6.688,1,0,Honda,SUV,gasoline,automatic,Northeast,independent_dealer,33270.502,33880.362
CAR-P-00606,2021,4.457,83893.184,18835.057,3.251,328.103,,9.058,1,0,Subaru,pickup,gasoline,manual,South,franchise_dealer,40593.231,42708.886
CAR-P-01707,2021,4.439,51971.476,10387.913,1.842,207.859,9.739,9.823,3,0,Ford,sedan,gasoline,automatic,South,independent_dealer,30956.523,32556.609
CAR-P-00254,2010,15.525,212568.073,13510.293,,121.765,6.867,6.501,2,1,Toyota,SUV,electric,automatic,South,private,9916.268,9249.170
CAR-P-00095,2021,4.895,80352.312,16572.717,2.769,281.940,8.145,5.616,2,1,Ford,SUV,hybrid,automatic,Midwest,independent_dealer,31743.090,32893.082
CAR-P-00858,2021,4.464,100168.552,22336.010,1.865,233.325,7.517,10.000,4,0,Toyota,coupe,gasoline,manual,Midwest,private,32557.067,33305.990
CAR-P-00561,2023,2.437,33378.348,13785.571,2.648,267.196,8.394,8.232,1,0,Kia,sedan,gasoline,automatic,South,independent_dealer,36478.700,37483.079
CAR-P-00098,2023,2.137,37626.447,18311.152,1.710,182.885,,10.000,2,0,Ford,hatchback,gasoline,automatic,Northeast,independent_dealer,,33742.170
CAR-P-00023,2019,6.164,81358.088,13350.589,2.135,233.610,,5.313,4,1,BMW,SUV,gasoline,manual,West,private,25791.528,26865.290
CAR-P-00353,2021,4.081,50044.948,13334.625,1.982,187.625,8.197,7.590,3,0,Toyota,pickup,electric,CVT,South,independent_dealer,,34174.056
CAR-P-01641,2011,14.868,152355.754,10132.545,,348.053,5.808,4.738,3,0,Tesla,hatchback,gasoline,CVT,West,independent_dealer,24426.920,26001.462
CAR-P-01468,2021,4.930,55336.053,12654.795,2.500,244.448,7.686,8.427,3,0,Honda,pickup,gasoline,automatic,South,independent_dealer,36179.509,38375.709
CAR-P-00864,2003,22.000,335953.910,15388.081,0.700,96.802,,1.904,6,1,Ford,hatchback,electric,manual,Midwest,franchise_dealer,2237.783,1200.000
CAR-P-00183,2009,16.986,242023.653,14080.147,1.987,215.365,4.967,,7,1,Hyundai,SUV,gasoline,automatic,Northeast,private,2327.273,1503.570
CAR-P-00127,2014,11.515,170695.987,14482.286,1.655,214.069,6.097,4.071,5,0,Mercedes,sedan,electric,automatic,Midwest,independent_dealer,20910.747,21009.342
CAR-P-00668,2017,8.594,161449.452,18437.250,,271.523,7.968,9.052,3,0,Ford,SUV,gasoline,CVT,Northeast,private,24938.852,25595.126
CAR-P-00009,2021,4.720,115495.035,23280.017,1.164,121.690,8.574,8.528,3,0,Honda,sedan,gasoline,automatic,Northeast,independent_dealer,23954.543,24259.101
CAR-P-01688,2022,3.304,51280.820,16397.607,1.999,191.599,8.934,,1,0,Toyota,SUV,electric,automatic,Northeast,private,39494.834,40942.283
CAR-P-00983,2022,3.423,42115.899,12605.931,0.700,101.285,9.573,10.000,2,0,Ford,sedan,electric,automatic,West,independent_dealer,27282.363,27884.406
CAR-P-00479,2023,2.242,19790.587,13898.497,1.431,188.651,10.000,9.907,4,0,Toyota,hatchback,gasoline,CVT,West,franchise_dealer,37396.181,40225.593
CAR-P-00359,2024,1.268,26448.380,17964.063,2.850,349.184,,9.828,2,1,Toyota,coupe,gasoline,,Midwest,independent_dealer,41311.616,42827.683
CAR-P-01061,2024,1.612,24776.108,11393.553,1.560,154.935,,9.704,1,0,Honda,SUV,diesel,automatic,Midwest,private,38142.549,40107.122
CAR-P-00346,2019,6.119,42730.860,6631.534,1.334,181.844,6.500,5.862,2,0,Mercedes,pickup,electric,manual,West,private,34640.686,36080.348
CAR-P-01346,2016,9.103,1169816.677,15651.155,3.291,310.362,6.666,6.210,4,0,Subaru,pickup,,manual,Northeast,private,29087.650,30568.588
CAR-P-01125,2017,8.285,98918.833,11579.462,1.186,168.699,7.534,7.880,1,0,Ford,sedan,gasoline,manual,South,franchise_dealer,24295.712,24555.273
CAR-P-01030,2024,1.586,30277.739,17992.461,2.157,250.281,8.584,7.313,1,0,Honda,SUV,hybrid,automatic,South,independent_dealer,41805.441,43352.750
CAR-P-00075,2021,4.344,86235.986,19254.532,1.844,192.500,,7.375,1,0,Kia,hatchback,hybrid,automatic,West,franchise_dealer,27331.947,27775.360
CAR-P-01790,2021,4.442,81805.213,17458.329,2.371,295.952,9.023,6.679,3,0,BMW,coupe,gasoline,automatic,Midwest,independent_dealer,,44331.196
CAR-P-00761,2015,10.015,138273.518,14174.802,2.485,285.582,7.319,6.738,3,1,BMW,sedan,gasoline,automatic,Northeast,independent_dealer,28528.354,29541.609
CAR-P-01205,2019,6.557,62971.059,9253.230,1.192,169.571,7.356,6.498,2,0,Honda,sedan,gasoline,,West,independent_dealer,21148.438,22335.204
CAR-P-00167,2020,5.817,136487.504,23472.043,1.930,209.485,,7.697,2,0,Hyundai,sedan,diesel,automatic,Northeast,independent_dealer,27294.364,27946.956
CAR-P-01084,2023,2.699,16888.983,8634.858,1.891,187.959,8.518,8.960,1,0,Toyota,sedan,diesel,automatic,South,franchise_dealer,33407.198,35138.865
CAR-P-00589,2021,4.222,21962.965,4187.487,3.157,432.746,7.159,8.676,2,1,Tesla,pickup,,manual,West,private,47023.911,49188.854
CAR-P-01561,2019,6.073,49776.294,9351.156,2.675,247.916,7.821,5.470,3,0,Ford,pickup,diesel,automatic,West,independent_dealer,34418.571,35886.703
CAR-P-00567,2018,7.354,81920.043,11046.766,2.305,237.131,7.400,6.837,2,0,Kia,sedan,hybrid,CVT,Midwest,independent_dealer,24642.622,25880.339
CAR-P-00566,2019,6.954,110680.868,16071.653,2.162,213.886,6.532,6.522,2,2,Ford,SUV,hybrid,automatic,Northeast,independent_dealer,21343.995,21195.335
CAR-P-01198,2022,3.005,67708.403,22338.898,0.994,126.722,8.012,9.148,1,1,Toyota,sedan,gasoline,manual,Northeast,independent_dealer,23530.880,23447.988
CAR-P-01376,2022,3.232,58170.174,18041.792,3.561,363.971,8.753,10.000,1,0,BMW,pickup,gasoline,CVT,West,private,51644.134,54365.467
CAR-P-00209,2016,9.597,124213.228,13717.180,3.005,315.061,7.015,6.921,5,0,Honda,SUV,gasoline,automatic,South,franchise_dealer,,25867.876
CAR-P-01515,2023,2.336,32004.805,12565.064,,366.588,8.213,8.604,1,0,Hyundai,pickup,gasoline,automatic,Midwest,independent_dealer,45731.298,47518.813
CAR-P-00686,2020,5.645,88269.356,14899.794,2.001,199.780,7.733,8.202,2,0,Kia,hatchback,gasoline,automatic,Midwest,private,24775.104,25662.765
CAR-P-00932,2024,1.501,22086.064,11157.766,1.735,183.712,8.306,8.146,1,0,Toyota,sedan,gasoline,automatic,West,franchise_dealer,35807.277,37709.990
CAR-P-00056,2024,1.760,22332.671,13173.242,,157.146,9.054,7.830,1,0,Honda,sedan,diesel,automatic,Midwest,franchise_dealer,33728.722,34602.283
CAR-P-01731,2003,22.000,312784.142,13903.418,1.487,155.119,4.785,4.262,5,1,Ford,SUV,diesel,automatic,Midwest,franchise_dealer,2133.422,1200.000
CAR-P-01086,2022,3.524,56574.437,15968.211,1.631,138.923,9.128,9.984,2,0,Ford,sedan,gasoline,CVT,Northeast,franchise_dealer,,26825.105
CAR-P-01391,2012,13.455,373003.463,27531.784,2.214,258.644,6.266,7.235,1,0,Ford,coupe,gasoline,CVT,South,franchise_dealer,18699.921,18331.770
CAR-P-01609,2023,2.371,32520.564,13266.399,2.351,254.255,7.984,8.853,3,0,Toyota,sedan,gasoline,automatic,West,franchise_dealer,35224.062,37362.751
CAR-P-01514,2018,7.427,96022.610,14088.955,2.533,384.606,7.227,8.173,1,0,Tesla,pickup,gasoline,CVT,Northeast,franchise_dealer,46167.151,49122.967
CAR-P-00068,2007,18.042,156950.413,9130.203,2.186,236.917,4.194,5.098,6,1,Kia,SUV,gasoline,manual,South,franchise_dealer,19390.127,20079.973
CAR-P-01075,2016,9.735,193407.631,19456.040,1.350,166.788,6.418,7.821,3,0,Honda,hatchback,gasoline,manual,South,independent_dealer,15259.473,15390.304
CAR-P-00534,2023,2.332,30520.362,14401.132,1.415,213.365,8.470,10.000,1,0,Hyundai,coupe,gasoline,automatic,West,independent_dealer,40462.828,41862.791
CAR-P-00952,2022,3.971,57643.782,15076.087,2.186,246.271,8.984,10.000,1,0,Hyundai,pickup,gasoline,,Midwest,independent_dealer,35885.538,37847.984
CAR-P-01329,2024,1.485,26204.167,16024.983,1.669,212.525,9.049,6.801,3,0,Honda,sedan,gasoline,automatic,Northeast,franchise_dealer,33059.990,34130.366
CAR-P-01491,2021,4.543,51552.960,10604.132,2.248,212.061,9.615,8.794,1,0,Kia,hatchback,diesel,CVT,South,franchise_dealer,31561.571,33017.053
CAR-P-01244,2023,2.929,37991.222,13101.914,1.741,199.838,8.711,8.421,1,0,Ford,sedan,gasoline,automatic,West,private,30599.586,31498.442
CAR-P-01466,2021,4.285,100419.339,23849.908,,233.846,8.807,,3,0,Subaru,SUV,gasoline,automatic,West,private,35333.358,37285.616
CAR-P-00392,2021,4.407,61574.928,13681.900,1.767,181.227,8.337,,1,1,Ford,sedan,gasoline,automatic,Northeast,private,27865.718,28962.278
CAR-P-00790,2020,5.442,145044.310,26349.893,2.418,242.097,8.516,10.000,2,0,Honda,SUV,hybrid,automatic,Midwest,franchise_dealer,32449.396,33983.530
CAR-P-01058,2021,4.442,39727.329,7835.992,2.706,287.403,7.649,6.854,3,1,Ford,SUV,hybrid,automatic,Northeast,franchise_dealer,37482.151,38967.451
CAR-P-01629,2022,3.293,45133.709,13167.499,2.720,303.918,8.284,9.071,2,0,BMW,SUV,gasoline,manual,Midwest,independent_dealer,41185.528,43819.612
CAR-P-01117,2023,2.675,38076.012,16275.315,2.801,302.389,8.554,7.795,2,0,Toyota,pickup,gasoline,CVT,Midwest,franchise_dealer,40544.409,42722.354
CAR-P-01633,2016,9.784,226278.530,22855.620,2.147,227.178,6.779,6.377,6,0,Kia,pickup,diesel,automatic,West,independent_dealer,17799.422,17754.525
CAR-P-00676,2016,9.547,150967.675,16368.692,,332.439,6.951,8.901,2,1,Mercedes,SUV,diesel,automatic,Midwest,private,33676.974,34785.825
CAR-P-00914,2005,20.488,365291.523,17984.718,,228.610,5.065,,10,0,Hyundai,sedan,gasoline,automatic,Northeast,franchise_dealer,1870.651,1200.000
CAR-P-01093,2019,6.347,121732.100,19794.880,1.641,177.394,7.362,8.031,3,0,Subaru,SUV,gasoline,automatic,West,franchise_dealer,23545.518,24131.382
CAR-P-00034,2015,10.912,101334.093,9477.385,2.658,252.764,7.592,10.000,4,0,Hyundai,SUV,gasoline,automatic,Northeast,franchise_dealer,24298.648,24902.857
CAR-P-00562,2015,10.726,172335.335,16956.455,2.785,305.117,7.507,6.253,4,0,Toyota,pickup,hybrid,automatic,Midwest,independent_dealer,29594.664,29647.408
CAR-P-00875,2018,7.879,127178.447,16582.968,1.986,201.243,7.419,4.923,1,0,Honda,sedan,gasoline,CVT,West,private,23120.100,23731.383
CAR-P-00350,2016,9.946,164170.674,16638.010,2.128,223.696,7.036,6.230,6,0,Hyundai,sedan,gasoline,automatic,Northeast,franchise_dealer,,13703.997
CAR-P-01655,2020,5.496,68632.146,12100.382,2.183,212.312,7.863,,1,0,Honda,sedan,hybrid,automatic,Northeast,franchise_dealer,32182.033,33785.856
CAR-P-00220,2021,4.318,72085.975,16293.023,2.216,264.610,9.720,,3,0,Kia,coupe,gasoline,,Midwest,independent_dealer,37354.771,37931.721
CAR-P-01502,2024,1.694,26949.546,16004.178,2.376,231.526,,,2,1,Honda,sedan,gasoline,automatic,West,private,32902.405,34670.694
CAR-P-00718,2021,4.440,57293.872,13876.444,2.849,255.149,7.184,,2,0,Honda,SUV,diesel,automatic,South,franchise_dealer,50521.130,52541.734
CAR-P-01050,2020,5.826,70030.358,12320.036,2.373,231.925,8.933,,1,0,Hyundai,sedan,gasoline,automatic,South,franchise_dealer,32459.117,33037.700
CAR-P-00826,2022,3.348,57251.362,16297.353,1.763,201.761,8.489,7.871,1,0,Honda,sedan,diesel,manual,West,franchise_dealer,31176.229,33216.412
CAR-P-00887,2013,12.349,125450.322,9903.079,2.283,218.981,6.287,6.792,6,0,Honda,hatchback,gasoline,automatic,South,private,10091.909,9174.282
CAR-P-01387,2018,7.659,101707.246,13725.572,2.246,229.279,7.683,9.320,1,0,Toyota,SUV,gasoline,manual,West,independent_dealer,38345.237,40227.416
CAR-P-01242,2021,4.941,63588.607,12338.972,2.159,252.660,7.749,8.429,1,0,Ford,SUV,gasoline,automatic,Northeast,franchise_dealer,35368.531,36027.746
CAR-P-00862,2021,4.961,92863.837,19847.853,2.389,224.404,8.520,6.597,1,0,Hyundai,SUV,hybrid,automatic,Midwest,private,32714.035,33599.114
CAR-P-01744,2023,2.274,34375.479,16348.580,2.628,263.583,8.765,9.173,1,0,Toyota,SUV,gasoline,manual,Midwest,independent_dealer,37325.432,37846.804
CAR-P-01584,2022,3.691,57618.699,15048.523,2.155,250.624,7.021,,2,0,BMW,SUV,gasoline,CVT,South,private,35625.674,37415.237
CAR-P-01370,2025,0.577,4928.860,11956.136,2.968,303.858,8.648,7.699,2,0,Toyota,SUV,gasoline,automatic,West,independent_dealer,46146.344,47697.785
CAR-P-00837,2003,22.000,345345.879,15965.732,3.003,287.996,4.538,3.230,6,2,Hyundai,sedan,hybrid,automatic,South,franchise_dealer,2348.868,1200.000
CAR-P-00552,2022,3.180,59372.464,20915.521,2.743,277.325,,7.295,4,0,Ford,SUV,gasoline,manual,Northeast,franchise_dealer,34725.450,37282.858
CAR-P-00795,2018,7.860,115511.129,14368.076,2.543,277.726,5.914,6.370,4,1,Toyota,SUV,gasoline,automatic,South,independent_dealer,24437.301,25763.655
CAR-P-00038,2025,0.693,5564.001,12722.472,2.329,224.243,,8.333,3,0,Kia,sedan,gasoline,automatic,Northeast,independent_dealer,36453.819,37326.117
CAR-P-01423,2016,9.693,91849.990,10242.201,1.080,141.835,7.587,9.983,1,1,Honda,sedan,gasoline,manual,South,franchise_dealer,19919.295,20679.897
CAR-P-00055,2021,4.479,86518.460,18732.734,1.652,192.978,8.713,7.402,3,0,Honda,sedan,gasoline,automatic,Midwest,franchise_dealer,25263.499,25588.694
CAR-P-00224,2023,2.833,35367.540,15025.603,2.533,399.823,8.730,10.000,3,0,Tesla,sedan,hybrid,CVT,Midwest,independent_dealer,52413.011,54942.650
CAR-P-01053,2016,9.706,129178.340,13014.277,2.044,185.588,6.172,7.246,3,0,Hyundai,sedan,gasoline,automatic,West,franchise_dealer,,17215.420
CAR-P-00181,2015,10.052,101543.390,9778.356,1.396,173.112,7.541,7.761,3,1,Hyundai,sedan,gasoline,automatic,Midwest,private,16078.297,15684.385
CAR-P-00883,2013,12.629,192759.070,15592.428,1.551,212.982,6.576,6.489,2,1,Ford,coupe,gasoline,automatic,Northeast,private,14180.486,14644.107
CAR-P-00086,2020,5.311,91009.861,16207.643,2.201,234.170,7.086,8.560,3,0,Honda,SUV,gasoline,automatic,West,franchise_dealer,37097.668,36562.095
CAR-P-01444,2022,3.286,58323.816,16437.336,2.149,212.140,,7.954,1,0,Toyota,SUV,electric,automatic,South,franchise_dealer,41752.928,43748.497
CAR-P-00201,2009,16.945,378169.586,22179.646,0.881,119.201,6.326,7.266,4,0,Hyundai,sedan,electric,automatic,Northeast,independent_dealer,5272.452,5396.071
CAR-P-00657,2019,6.585,120070.138,17668.438,,173.313,7.860,,1,0,Toyota,sedan,diesel,automatic,Midwest,private,24211.504,24351.973
CAR-P-00193,2022,3.119,60289.708,16197.312,3.039,305.574,8.459,7.572,4,0,Toyota,pickup,gasoline,automatic,South,independent_dealer,37537.162,39209.661
CAR-P-00088,2015,10.955,220503.959,19782.032,2.136,252.080,6.159,4.837,3,1,Mercedes,sedan,gasoline,CVT,South,franchise_dealer,,16619.545
CAR-P-01141,2018,7.694,185890.954,24703.155,,215.931,8.130,6.844,4,0,Mercedes,hatchback,gasoline,automatic,West,franchise_dealer,,50988.179
CAR-P-01149,2019,6.094,111233.204,18244.498,3.046,288.333,7.979,9.406,1,0,Honda,SUV,diesel,CVT,Midwest,independent_dealer,37506.257,37634.850
CAR-P-00581,2019,6.683,122140.963,18803.213,3.030,328.311,8.184,6.897,2,0,BMW,pickup,gasoline,CVT,Midwest,independent_dealer,40924.527,43156.901
CAR-P-01252,2021,4.907,72803.313,13295.852,2.183,222.389,8.088,7.296,1,0,Toyota,hatchback,hybrid,automatic,Midwest,franchise_dealer,32338.968,33988.173
CAR-P-00169,2018,7.195,67967.262,9397.634,2.097,230.807,8.846,10.000,3,0,Hyundai,hatchback,gasoline,automatic,West,independent_dealer,22888.764,23261.343
CAR-P-00249,2022,3.529,57078.915,15426.600,0.700,96.670,8.063,6.468,1,0,Honda,hatchback,gasoline,automatic,Northeast,independent_dealer,,21489.517
CAR-P-00749,2022,3.383,54721.015,16410.910,2.095,242.956,7.579,6.244,3,2,Mercedes,SUV,gasoline,manual,West,franchise_dealer,33731.829,34518.417
CAR-P-01725,2016,9.528,108910.641,11572.239,0.959,122.469,6.217,5.024,2,1,Ford,sedan,electric,automatic,Northeast,independent_dealer,14347.140,14903.208
CAR-P-01710,2016,9.187,155406.472,16240.003,2.005,187.147,8.580,,5,0,Honda,sedan,gasoline,automatic,West,private,16216.419,16370.680
CAR-P-00413,2019,6.652,79138.464,11730.863,1.736,175.633,7.720,5.965,4,0,Toyota,hatchback,gasoline,automatic,Midwest,private,16040.500,17656.752
CAR-P-00274,2012,13.448,169501.776,12450.653,2.459,241.588,6.990,6.286,3,0,Honda,pickup,gasoline,automatic,West,franchise_dealer,23095.488,23555.023
CAR-P-00690,2014,11.004,223991.882,20145.126,3.239,299.453,6.997,7.463,2,0,Hyundai,pickup,gasoline,automatic,Midwest,private,25677.041,25598.108
CAR-P-00035,2011,14.398,235735.414,16453.561,1.688,189.001,7.494,,4,0,Ford,sedan,gasoline,automatic,South,franchise_dealer,9968.563,9475.971
CAR-P-01007,2019,6.432,89071.535,13996.915,0.700,96.182,8.490,10.000,2,0,Honda,sedan,electric,automatic,Midwest,independent_dealer,22644.348,23010.019
CAR-P-00180,2018,7.324,119774.894,17560.224,1.603,173.718,,6.792,4,0,Kia,SUV,hybrid,automatic,Northeast,independent_dealer,19915.763,19715.895
CAR-P-00155,2019,6.874,101050.937,15087.787,2.602,265.235,6.921,6.155,2,1,Toyota,SUV,hybrid,CVT,Midwest,franchise_dealer,26695.412,27483.873
CAR-P-00411,2011,14.654,186202.363,12608.540,2.838,314.996,,6.890,3,0,BMW,hatchback,gasoline,automatic,West,private,21876.863,21230.591
CAR-P-01048,2009,16.759,195380.157,11723.627,2.073,220.164,5.232,7.624,3,0,Honda,sedan,gasoline,automatic,West,franchise_dealer,12532.677,12054.260
CAR-P-00391,2010,15.340,264255.816,16991.542,2.221,235.347,6.046,4.275,6,0,Honda,hatchback,hybrid,manual,West,independent_dealer,6279.486,5139.695
CAR-P-00546,2021,4.553,82009.328,16882.345,,86.043,8.367,8.913,2,0,Ford,SUV,electric,manual,South,independent_dealer,28009.450,28450.234
CAR-P-00484,2024,1.587,17388.616,9764.136,1.680,160.734,,9.433,2,0,Toyota,sedan,hybrid,automatic,Northeast,franchise_dealer,,38909.482
